Candidate,Gender,Race 1,Race 2,Race 3,Incumbent,Incumbent Challenger,State,Primary Date,Office,District,Primary Votes,Primary %,,,
Gavin Dass,Male,White,Asian (Indian),,No,No,Texas,03-01-2022,Representative,1,"1,881",12%,,,
Victor D. Dunn,Male,Black,,,No,No,Texas,03-01-2022,Representative,1,"4,554",28%,,,
"Jrmar ""JJ"" Jefferson",Male,Black,,,No,No,Texas,03-01-2022,Representative,1,"7,411",45%,,,
Stephen Kocen,Male,White,,,No,No,Texas,03-01-2022,Representative,1,"2,457",15%,,,
Robin Fulford,Female,White,,,No,No,Texas,03-01-2022,Representative,2,"17,160",100%,,,
Doc Shelby,Male,Black,,,No,No,Texas,03-01-2022,Representative,3,"8,531",38%,,,
Sandeep Srivastava,Male,Asian (Indian),,,No,No,Texas,03-01-2022,Representative,3,"13,865",62%,,,
Iro Omere,Female,Black,,,No,No,Texas,03-01-2022,Representative,4,"16,404",100%,,,
Kathleen Cordelia Bailey,Female,White,,,No,No,Texas,03-01-2022,Representative,5,"9,605",47%,,,
Tartisha Hill,Female,Black,,,No,No,Texas,03-01-2022,Representative,5,"10,689",53%,,,
Lizzie Fletcher,Female,White,,,Yes,No,Texas,03-01-2022,Representative,7,"29,579",100%,,,
Laura Jones,Female,White,,,No,No,Texas,03-01-2022,Representative,8,"14,496",100%,,,
Al Green,Male,Black,,,Yes,No,Texas,03-01-2022,Representative,9,"42,782",100%,,,
Linda Nuno,Female,Latino,,,No,No,Texas,03-01-2022,Representative,10,"20,537",100%,,,
Trey J. Hunt,Male,White,Black,,No,No,Texas,03-01-2022,Representative,12,"20,561",100%,,,
Kathleen Brown,Female,White,,,No,No,Texas,03-01-2022,Representative,13,"10,807",100%,,,
Eugene Howard,Male,Black,,,No,No,Texas,03-01-2022,Representative,14,"10,619",50%,,,
Mikal Williams,Male,White,,,No,No,Texas,03-01-2022,Representative,14,"10,691",50%,,,
Eliza Alvarado,Female,Latino,,,No,No,Texas,03-01-2022,Representative,15,"5,398",17%,,,
Julio Garza,Male,Latino,,,No,No,Texas,03-01-2022,Representative,15,"1,693",5%,,,
Ruben Ramirez,Male,Latino,,,No,No,Texas,03-01-2022,Representative,15,"9,221",28%,,,
John Villarreal Rigney,Male,White,Latino (Mexican),,No,No,Texas,03-01-2022,Representative,15,"6,268",19%,,,
Vanessa Stephanie Tijerina,Female,Latino,,,No,No,Texas,03-01-2022,Representative,15,"3,470",11%,,,
Michelle Vallejo,Female,Latino (Mexican),,,No,No,Texas,03-01-2022,Representative,15,"6,570",20%,,,
Deliris Montanez Berrios,Female,Latino (Puerto Rican),,,No,Yes,Texas,03-01-2022,Representative,16,"4,235",12%,,,
Veronica Escobar,Female,Latino (Mexican),,,Yes,No,Texas,03-01-2022,Representative,16,"30,954",88%,,,
Mary Jo Woods,Female,White,,,No,No,Texas,03-01-2022,Representative,17,"17,085",100%,,,
Sheila Jackson Lee,Female,Black,,,Yes,No,Texas,03-01-2022,Representative,18,"35,194",100%,,,
Joaquin Castro,Male,Latino (Mexican),,,Yes,No,Texas,03-01-2022,Representative,20,"33,214",100%,,,
David Anderson Jr.,Male,Black,,,No,No,Texas,03-01-2022,Representative,21,"3,038",9%,,,
Coy Gee Branscum II,Male,White,,,No,No,Texas,03-01-2022,Representative,21,"3,157",9%,,,
Cherif Gacis,Male,Latino,,,No,No,Texas,03-01-2022,Representative,21,902,3%,,,
Scott William Sturm,Male,White,,,No,No,Texas,03-01-2022,Representative,21,"1,865",5%,,,
Ricardo Villarreal,Male,Latino (Mexican),,,No,No,Texas,03-01-2022,Representative,21,"9,590",27%,,,
Claudia Andreana Zapata,Female,Latino,,,No,No,Texas,03-01-2022,Representative,21,"16,604",47%,,,
Jamie Kaye Jordan,Female,White,,,No,No,Texas,03-01-2022,Representative,22,"20,818",100%,,,
Priscilla Golden,Female,Unknown,,,No,No,Texas,03-01-2022,Representative,23,"15,664",44%,,,
John Lira,Male,Latino (Mexican),,,No,No,Texas,03-01-2022,Representative,23,"19,816",56%,,,
Kathy Fragnoli,Female,White,,,No,No,Texas,03-01-2022,Representative,24,"8,139",28%,,,
Derrik T. Gay,Male,White,,,No,No,Texas,03-01-2022,Representative,24,"9,571",33%,,,
Jan McDowell,Female,White,,,No,No,Texas,03-01-2022,Representative,24,"11,467",39%,,,
Victor Melgoza,Male,Latino,,,No,No,Texas,03-01-2022,Representative,27,"3,289",15%,,,
Maclovio Perez Jr.,Male,Latino,,,No,No,Texas,03-01-2022,Representative,27,"13,044",59%,,,
Anthony J. Tristan,Male,Latino,,,No,No,Texas,03-01-2022,Representative,27,"5,733",26%,,,
Tannya Judith Benavides,Female,Latino,,,No,Yes,Texas,03-01-2022,Representative,28,"2,324",5%,,,
Jessica Cisneros,Female,Latino (Mexican),,,No,Yes,Texas,03-01-2022,Representative,28,"22,983",47%,,,
Henry Cuellar,Male,Latino (Mexican),,,Yes,No,Texas,03-01-2022,Representative,28,"23,988",49%,,,
Sylvia Garcia,Female,Latino (Mexican),,,Yes,No,Texas,03-01-2022,Representative,29,"19,402",100%,,,
Jasmine Crockett,Female,Black,,,No,No,Texas,03-01-2022,Representative,30,"26,798",48%,,,
Arthur Dixon,Male,Black,,,No,No,Texas,03-01-2022,Representative,30,677,1%,,,
Jane Hope Hamilton,Female,Black,,,No,No,Texas,03-01-2022,Representative,30,"9,436",17%,,,
Vonciel Jones Hill,Female,Black,,,No,No,Texas,03-01-2022,Representative,30,"1,886",3%,,,
Keisha Williams-Lankford,Female,Black,,,No,No,Texas,03-01-2022,Representative,30,"4,323",8%,,,
Barbara Mallory Caraway,Female,Black,,,No,No,Texas,03-01-2022,Representative,30,"4,277",8%,,,
Jessica Mason,Female,Black,,,No,No,Texas,03-01-2022,Representative,30,"1,858",3%,,,
Abel Mulugheta,Male,Black (Eritrean),,,No,No,Texas,03-01-2022,Representative,30,"3,284",6%,,,
Roy Williams Jr.,Male,Black,,,No,No,Texas,03-01-2022,Representative,30,"2,746",5%,,,
Colin Allred,Male,Black,,,Yes,No,Texas,03-01-2022,Representative,32,"31,805",100%,,,
Carlos Quintanilla,Male,Latino,,,No,Yes,Texas,03-01-2022,Representative,33,"7,373",30%,,,
Marc Veasey,Male,Black,,,Yes,No,Texas,03-01-2022,Representative,33,"16,806",70%,,,
Laura Cisneros,Female,Latino,,,No,Yes,Texas,03-01-2022,Representative,34,"8,456",23%,,,
Vicente Gonzalez,Male,Latino,,,Yes,No,Texas,03-01-2022,Representative,34,"23,531",65%,,,
Filemon Meza,Male,Latino,,,No,Yes,Texas,03-01-2022,Representative,34,920,3%,,,
Beatriz Reynoso,Female,Latino,,,No,Yes,Texas,03-01-2022,Representative,34,"1,287",4%,,,
Osbert Rodriguez Haro,Male,Latino,,,No,Yes,Texas,03-01-2022,Representative,34,331,1%,,,
William Thompson,Male,White,,,No,Yes,Texas,03-01-2022,Representative,34,"1,085",3%,,,
Diego Zavala,Male,Latino (Mexican),,,No,Yes,Texas,03-01-2022,Representative,34,718,2%,,,
Greg Casar,Male,Latino (Mexican),,,No,No,Texas,03-01-2022,Representative,35,"25,505",61%,,,
Eddie Rodriguez,Male,Latino (Mexican),,,No,No,Texas,03-01-2022,Representative,35,"6,526",16%,,,
Carla-Joy Sisco,Female,Black,,,No,No,Texas,03-01-2022,Representative,35,"3,190",8%,,,
Rebecca Viagran,Female,Latino,,,No,No,Texas,03-01-2022,Representative,35,"6,511",16%,,,
Jon Haire,Male,White,,,No,No,Texas,03-01-2022,Representative,36,"16,589",100%,,,
"Quinton ""Q"" Beaubouef",Male,White,,,No,Yes,Texas,03-01-2022,Representative,37,804,1%,,,
Lloyd Doggett,Male,White,,,Yes,No,Texas,03-01-2022,Representative,37,"60,007",79%,,,
Donna Imam,Female,Asian (Bangladeshi),,,No,Yes,Texas,03-01-2022,Representative,37,"13,385",18%,,,
Chris Jones,Male,White,,,No,Yes,Texas,03-01-2022,Representative,37,"1,503",2%,,,
Diana Martinez Alexander,Female,Latino,,,No,No,Texas,03-01-2022,Representative,38,"9,861",45%,,,
Duncan F. Klussmann,Male,White,,,No,No,Texas,03-01-2022,Representative,38,"8,698",39%,,,
Centrell Reed,Female,Black,,,No,No,Texas,03-01-2022,Representative,38,"3,550",16%,,,
"Inocencio ""Inno"" Barrientez",Male,Latino,,,No,No,Texas,03-01-2022,Governor,N/A,"12,887",1%,,,
Michael Cooper,Male,Black,,,No,No,Texas,03-01-2022,Governor,N/A,"32,673",3%,,,
Joy Diaz,Female,Latino (Mexican),,,No,No,Texas,03-01-2022,Governor,N/A,"33,622",3%,,,
Beto O'Rourke,Male,White,,,No,No,Texas,03-01-2022,Governor,N/A,"9,83,182",91%,,,
Rich Wakeland,Male,White,,,No,No,Texas,03-01-2022,Governor,N/A,"13,237",1%,,,
Thomas M. McDermott Jr.,Male,White,,,No,No,Indiana,05-03-2022,Senator,N/A,"1,73,466",100%,,,
Richard E. Fantin,Male,Unknown,,,No,Yes,Indiana,05-03-2022,Representative,1,"5,413",14%,,,
Frank J. Mrvan,Male,White,,,Yes,No,Indiana,05-03-2022,Representative,1,"34,489",86%,,,
Paul D. Steury,Male,White,,,No,No,Indiana,05-03-2022,Representative,2,"11,708",100%,,,
Phillip Beachy,Male,White,,,No,No,Indiana,05-03-2022,Representative,3,"2,400",20%,,,
"Aaron ""A.J."" Calkins",Male,White,,,No,No,Indiana,05-03-2022,Representative,3,"2,894",24%,,,
Gary L. Snyder,Male,White,,,No,No,Indiana,05-03-2022,Representative,3,"6,794",56%,,,
Roger D. Day,Male,White,,,No,No,Indiana,05-03-2022,Representative,4,"5,680",68%,,,
Howard J. Pollchik,Male,White,,,No,No,Indiana,05-03-2022,Representative,4,"2,648",32%,,,
Matthew L. Hall,Male,White,,,No,No,Indiana,05-03-2022,Representative,5,"6,799",40%,,,
Jeannine Lee Lake,Female,Black,,,No,No,Indiana,05-03-2022,Representative,5,"10,192",60%,,,
George Thomas Holland,Male,White,,,No,No,Indiana,05-03-2022,Representative,6,"3,337",27%,,,
"Cynthia ""Cinde"" Wirth",Female,White,,,No,No,Indiana,05-03-2022,Representative,6,"9,057",73%,,,
André D. Carson,Male,Black,,,Yes,No,Indiana,05-03-2022,Representative,7,"36,242",94%,,,
Curtis D. Godfrey,Male,Black,,,No,Yes,Indiana,05-03-2022,Representative,7,"1,526",4%,,,
Pierre Quincy Pullins,Male,Black,,,No,Yes,Indiana,05-03-2022,Representative,7,830,2%,,,
Adnan H. Dhahir,Male,White,Middle Eastern (Iraqi),,No,No,Indiana,05-03-2022,Representative,8,"4,429",19%,,,
Ray McCormick,Male,White,,,No,No,Indiana,05-03-2022,Representative,8,"16,465",70%,,,
Peter F.H. Priest II,Male,White,,,No,No,Indiana,05-03-2022,Representative,8,"2,731",12%,,,
Isak Asare,Male,Black,,,No,No,Indiana,05-03-2022,Representative,9,"6,305",29%,,,
D. Liam Dorris,Male,White,,,No,No,Indiana,05-03-2022,Representative,9,"3,023",14%,,,
Matthew Fyfe,Male,White,,,No,No,Indiana,05-03-2022,Representative,9,"12,240",57%,,,
Morgan Harper,Female,Black,,,No,No,Ohio,05-03-2022,Senator,N/A,"92,347",18%,,,
"Traci ""TJ"" Johnson",Female,Black,,,No,No,Ohio,05-03-2022,Senator,N/A,"65,209",13%,,,
Tim Ryan,Male,White,,,No,No,Ohio,05-03-2022,Senator,N/A,"3,59,941",70%,,,
Greg Landsman,Male,White,,,No,No,Ohio,05-03-2022,Representative,1,"28,330",100%,,,
Alan Darnowsky,Male,White,,,No,No,Ohio,05-03-2022,Representative,2,"4,541",28%,,,
Samantha Meadows,Female,White ,,,No,No,Ohio,05-03-2022,Representative,2,"11,694",72%,,,
Joyce Beatty,Female,Black,,,Yes,No,Ohio,05-03-2022,Representative,3,"48,241",100%,,,
Jeffrey A. Sites,Male,White,,,No,No,Ohio,05-03-2022,Representative,4,"10,160",48%,,,
Tamie Wilson,Female,Black,White,,No,No,Ohio,05-03-2022,Representative,4,"10,804",52%,,,
Martin Heberling III,Male,White,,,No,No,Ohio,05-03-2022,Representative,5,"11,812",45%,,,
Craig Swartz,Male,White,,,No,No,Ohio,05-03-2022,Representative,5,"14,590",55%,,,
Martin Alexander,Male,Black,,,No,No,Ohio,05-03-2022,Representative,6,"5,359",24%,,,
Eric S. Jones,Male,White,,,No,No,Ohio,05-03-2022,Representative,6,"7,496",34%,,,
Louis G. Lyras,Male,White,,,No,No,Ohio,05-03-2022,Representative,6,"9,056",41%,,,
Matthew Diemer,Male,White,Black,,No,No,Ohio,05-03-2022,Representative,7,"12,636",63%,,,
Tristan Rader,Male,White,,,No,No,Ohio,05-03-2022,Representative,7,"7,500",37%,,,
Vanessa Enoch,Female,Black,,,No,No,Ohio,05-03-2022,Representative,8,"18,290",100%,,,
Marcy Kaptur,Female,White,,,Yes,No,Ohio,05-03-2022,Representative,9,"32,968",100%,,,
Kirk Benjamin,Male,Unknown,,,No,No,Ohio,05-03-2022,Representative,10,"5,760",17%,,,
David Esrati,Male,White,,,No,No,Ohio,05-03-2022,Representative,10,"10,473",31%,,,
Jeff Hardenbrook,Male,White ,,,No,No,Ohio,05-03-2022,Representative,10,"8,633",26%,,,
Baxter Stapleton,Male,White,,,No,No,Ohio,05-03-2022,Representative,10,"8,529",26%,,,
Shontel Brown,Female,Black,,,Yes,No,Ohio,05-03-2022,Representative,11,"44,841",66%,,,
Nina Turner,Female,Black,,,No,Yes,Ohio,05-03-2022,Representative,11,"22,830",34%,,,
Michael Fletcher,Male,White,,,No,No,Ohio,05-03-2022,Representative,12,"9,717",43%,,,
Amy Rippel-Elton,Female,White,,,No,No,Ohio,05-03-2022,Representative,12,"12,712",57%,,,
Emilia Sykes,Female,Black,,,No,No,Ohio,05-03-2022,Representative,13,"36,245",100%,,,
Matt Kilboy,Male,White,,,No,No,Ohio,05-03-2022,Representative,14,"34,499",100%,,,
Gary Josephson,Male,Unknown,,,No,No,Ohio,05-03-2022,Representative,15,"9,030",100%,,,
John Cranley,Male,White,,,No,No,Ohio,05-03-2022,Governor,N/A,"1,78,132",35%,,,
Nan Whaley,Female,White,,,No,No,Ohio,05-03-2022,Governor,N/A,"3,31,014",65%,,,
Lacy Watson,Male,Black,,,No,No,West Virginia,05-10-2022,Representative,1,"32,686",100%,,,
Angela J. Dwyer,Female,Black,,,No,No,West Virginia,05-10-2022,Representative,2,"16,653",43%,,,
Barry Lee Wendell,Male,White,,,No,No,West Virginia,05-10-2022,Representative,2,"22,139",57%,,,
Patty Pansing Brooks,Female,White,,,No,No,Nebraska,05-10-2022,Representative,1,"31,808",87%,,,
Jazari Kual Zakaria,Male,Black,,,No,No,Nebraska,05-10-2022,Representative,1,"4,944",13%,,,
Alisha Shelton,Female,Black,,,No,No,Nebraska,05-10-2022,Representative,2,"14,585",31%,,,
Tony Vargas,Male,Latino (Peruvian),,,No,No,Nebraska,05-10-2022,Representative,2,"31,930",69%,,,
David J. Else,Male,White,,,No,No,Nebraska,05-10-2022,Representative,3,"8,701",52%,,,
Daniel M. Wik,Male,White,,,No,No,Nebraska,05-10-2022,Representative,3,"7,968",48%,,,
Carol Blood,Female,White,,,No,No,Nebraska,05-10-2022,Governor,N/A,"88,859",89%,,,
Roy A. Harris,Male,White,,,No,No,Nebraska,05-10-2022,Governor,N/A,"11,267",11%,,,
Joshua Wesley Blanton Sr.,Male,White,,,No,No,Kentucky,5/17/22,Senator,N/A,"30,980",11%,,,
Charles Booker,Male,Black,,,No,No,Kentucky,5/17/22,Senator,N/A,"2,14,245",73%,,,
Ruth Gao,Female,White,,,No,No,Kentucky,5/17/22,Senator,N/A,"18,154",6%,,,
John Merrill,Male,White,,,No,No,Kentucky,5/17/22,Senator,N/A,"28,931",10%,,,
Jimmy C. Ausbrooks,Male,White,,,No,No,Kentucky,5/17/22,Representative,1,1,100%,,,
William Dakota Compton,Male,White,,,No,No,Kentucky,5/17/22,Representative,2,"14,465",42%,,,
Hank Linderman,Male,White,,,No,No,Kentucky,5/17/22,Representative,2,"20,174",58%,,,
Morgan McGarvey,Male,White,,,No,No,Kentucky,5/17/22,Representative,3,"52,157",63%,,,
Attica Scott,Female,Black,,,No,No,Kentucky,5/17/22,Representative,3,"30,183",37%,,,
Matthew Lehman,Male,White,,,No,No,Kentucky,5/17/22,Representative,4,1,100%,,,
Conor Halbleib,Male,White,,,No,No,Kentucky,5/17/22,Representative,5,1,100%,,,
Chris Preece,Male,White,,,No,No,Kentucky,5/17/22,Representative,6,"24,007",48%,,,
"Geoffrey M. ""Geoff"" Young",Male,White,,,No,No,Kentucky,5/17/22,Representative,6,"25,722",52%,,,
William E. Barlow III,Male,White,,,No,Yes,Oregon,5/17/22,Senator,N/A,"35,025",7%,,,
Brent Thompson,Male,White,,,No,Yes,Oregon,5/17/22,Senator,N/A,"17,197",3%,,,
Ron Wyden,Male,White,,,Yes,No,Oregon,5/17/22,Senator,N/A,"4,39,665",89%,,,
Suzanne Bonamici,Female,White,,,Yes,No,Oregon,5/17/22,Representative,1,"80,317",88%,,,
Scott Phillips,Male,White,,,No,Yes,Oregon,5/17/22,Representative,1,"7,832",9%,,,
Christian Robertson,Male,White,,,No,Yes,Oregon,5/17/22,Representative,1,"2,625",3%,,,
Adam Prine,Male,White,,,No,No,Oregon,5/17/22,Representative,2,"11,669",29%,,,
Joe Yetter,Male,White,,,No,No,Oregon,5/17/22,Representative,2,"27,814",69%,,,
Earl Blumenauer,Male,White,,,Yes,No,Oregon,5/17/22,Representative,3,"96,386",94%,,,
Jonathan E. Polhemus,Male,White,,,No,Yes,Oregon,5/17/22,Representative,3,"5,392",5%,,,
Sami Al-Abdrabbuh,Male,Middle Eastern (Saudi),,,No,No,Oregon,5/17/22,Representative,4,"6,080",7%,,,
Doyle E. Canning,Female,White,,,No,No,Oregon,5/17/22,Representative,4,"14,245",16%,,,
Val Hoyle,Female,White,,,No,No,Oregon,5/17/22,Representative,4,"56,153",64%,,,
Andrew Kalloch,Male,White,,,No,No,Oregon,5/17/22,Representative,4,"4,322",5%,,,
Steve William Laible,Male,White,,,No,No,Oregon,5/17/22,Representative,4,292,0%,,,
Jake Matthews,Male,Asian (Indian),,,No,No,Oregon,5/17/22,Representative,4,607,1%,,,
John S. Selker,Male,White,,,No,No,Oregon,5/17/22,Representative,4,"4,738",5%,,,
G. Tommy Smith,Male,White,,,No,No,Oregon,5/17/22,Representative,4,"1,278",1%,,,
Jamie McLeod-Skinner,Female,White,,,No,Yes,Oregon,5/17/22,Representative,5,"47,148",55%,,,
Kurt Schrader,Male,White,,,Yes,No,Oregon,5/17/22,Representative,5,"38,726",45%,,,
Teresa Alonso Leon,Female,Latino (Mexican),,,No,No,Oregon,5/17/22,Representative,6,"4,626",7%,,,
Ricky Barajas,Male,Latino (Mexican),,,No,No,Oregon,5/17/22,Representative,6,292,0%,,,
Carrick Flynn,Male,White,,,No,No,Oregon,5/17/22,Representative,6,"13,052",18%,,,
Greg Goodwin,Male,Unknown,,,No,No,Oregon,5/17/22,Representative,6,217,0%,,,
Kathleen Harder,Female,White,,,No,No,Oregon,5/17/22,Representative,6,"5,510",8%,,,
Cody Reynolds,Male,White,,,No,No,Oregon,5/17/22,Representative,6,"7,951",11%,,,
Andrea Salinas,Female,White,,,No,No,Oregon,5/17/22,Representative,6,"26,101",37%,,,
Loretta Smith,Female,Black,,,No,No,Oregon,5/17/22,Representative,6,"7,064",10%,,,
Matt West,Male,White,,,No,No,Oregon,5/17/22,Representative,6,"5,658",8%,,,
David Beem,Male,White,,,No,No,Oregon,5/17/22,Governor,N/A,"1,308",0%,,,
Julian Bell,Male,Unknown,,,No,No,Oregon,5/17/22,Governor,N/A,"3,926",1%,,,
Wilson R. Bright,Male,White,,,No,No,Oregon,5/17/22,Governor,N/A,"2,316",0%,,,
George L. Carrillo,Male,Latino (Ecuadorian),,,No,No,Oregon,5/17/22,Governor,N/A,"9,365",2%,,,
Michael Cross,Male,White,,,No,No,Oregon,5/17/22,Governor,N/A,"1,342",0%,,,
Ifeanyichukwu C. Diru,Male,Black (Nigerian),,,No,No,Oregon,5/17/22,Governor,N/A,"1,780",0%,,,
Peter W. Hall,Male,White,,,No,No,Oregon,5/17/22,Governor,N/A,982,0%,,,
Tina Kotek,Female,White,,,No,No,Oregon,5/17/22,Governor,N/A,"2,75,301",56%,,,
Keisha Lanell Merchant,Female,Black,,,No,No,Oregon,5/17/22,Governor,N/A,"1,755",0%,,,
Tobias Read,Male,White,,,No,No,Oregon,5/17/22,Governor,N/A,"1,56,017",32%,,,
Patrick E. Starnes,Male,White,,,No,No,Oregon,5/17/22,Governor,N/A,"10,524",2%,,,
Dave W. Stauffer,Male,White,,,No,No,Oregon,5/17/22,Governor,N/A,"2,302",0%,,,
John Sweeney,Male,White,,,No,No,Oregon,5/17/22,Governor,N/A,"4,193",1%,,,
Michael Trimble,Male,White,,,No,No,Oregon,5/17/22,Governor,N/A,"5,000",1%,,,
Genevieve Wilson,Female,Black,,,No,No,Oregon,5/17/22,Governor,N/A,"1,588",0%,,,
Ben Pursley,Male,Unknown,,,No,No,Idaho,5/17/22,Senator,N/A,"13,987",42%,,,
David Roth,Male,White,,,No,No,Idaho,5/17/22,Senator,N/A,"19,160",58%,,,
Kaylee Peterson,Female,White,,,No,No,Idaho,5/17/22,Representative,1,"15,057",100%,,,
Wendy Norman,Female,White,,,No,No,Idaho,5/17/22,Representative,2,"17,150",100%,,,
Stephen Heidt,Male,White,,,No,No,Idaho,5/17/22,Governor,N/A,"25,088",80%,,,
James L. Carr Jr.,Male,Black,,,No,No,North Carolina,5/17/22,Senator,N/A,"21,903",4%,,,
Robert Colon,Male,White,,,No,No,North Carolina,5/17/22,Senator,N/A,"6,904",1%,,,
Alyssia Rose-Katherine Hammond,Female,Black,,,No,No,North Carolina,5/17/22,Senator,N/A,"21,005",3%,,,
"Constance ""Lov"" Johnson",Female,Black,,,No,No,North Carolina,5/17/22,Senator,N/A,"12,500",2%,,,
Tobias LaGrone,Male,Black,,,No,No,North Carolina,5/17/22,Senator,N/A,"5,048",1%,,,
B.K. Maginnis,Male,White,,,No,No,North Carolina,5/17/22,Senator,N/A,"7,044",1%,,,
Rett Newton,Male,White,,,No,No,North Carolina,5/17/22,Senator,N/A,"10,043",2%,,,
Marcus W. Williams,Male,Black,,,No,No,North Carolina,5/17/22,Senator,N/A,"17,446",3%,,,
Greg Antoine,Male,Black,,,No,No,North Carolina,5/17/22,Senator,N/A,"5,179",1%,,,
Cheri Beasley,Female,Black,,,No,No,North Carolina,5/17/22,Senator,N/A,"5,01,766",81%,,,
Chrelle Booker,Female,Black,,,No,No,North Carolina,5/17/22,Senator,N/A,"9,937",2%,,,
Don Davis,Male,Black,,,No,No,North Carolina,5/17/22,Representative,1,"42,693",63%,,,
Erica D. Smith,Female,Black,,,No,No,North Carolina,5/17/22,Representative,1,"21,012",31%,,,
Jason Albert Spriggs,Male,Black,,,No,No,North Carolina,5/17/22,Representative,1,"2,123",3%,,,
Jullian C. Bishop Sr.,Male,Black,,,No,No,North Carolina,5/17/22,Representative,1,"1,752",3%,,,
Deborah K. Ross,Female,White,,,Yes,No,North Carolina,5/17/22,Representative,2,1,100%,,,
Barbara D. Gaskins,Female,Black,,,No,No,North Carolina,5/17/22,Representative,3,"23,051",81%,,,
Joe Swartz,Male,White,,,No,No,North Carolina,5/17/22,Representative,3,"5,495",19%,,,
Crystal Cavalier,Female,Native American (Saponi),,,No,No,North Carolina,5/17/22,Representative,4,"1,116",1%,,,
Valerie P. Foushee,Female,Black,,,No,No,North Carolina,5/17/22,Representative,4,"40,806",46%,,,
Matt Grooms,Male,White,,,No,No,North Carolina,5/17/22,Representative,4,435,0%,,,
Stephen J. Valentine,Male,Black,,,No,No,North Carolina,5/17/22,Representative,4,"1,023",1%,,,
Ashley Ward,Female,White,,,No,No,North Carolina,5/17/22,Representative,4,"4,767",5%,,,
Richard L. Watkins,Male,Black,,,No,No,North Carolina,5/17/22,Representative,4,"1,155",1%,,,
Clay Aiken,Male,White,,,No,No,North Carolina,5/17/22,Representative,4,"6,529",7%,,,
Nida Allam,Female,Asian (Indian),Asian (Pakistani),,No,No,North Carolina,5/17/22,Representative,4,"32,731",37%,,,
Kyle Parrish,Male,White,,,No,No,North Carolina,5/17/22,Representative,5,1,100%,,,
Kathy Manning,Female,White,,,Yes,No,North Carolina,5/17/22,Representative,6,1,100%,,,
Charles E. Evans,Male,Black,,,No,No,North Carolina,5/17/22,Representative,7,"12,263",29%,,,
Charles Graham,Male,White,,,No,No,North Carolina,5/17/22,Representative,7,"13,054",31%,,,
Yushonda Midgette,Female,Black,,,No,No,North Carolina,5/17/22,Representative,7,"6,738",16%,,,
Steve Miller,Male,White,,,No,No,North Carolina,5/17/22,Representative,7,"9,744",23%,,,
Scott Huffman,Male,White,,,No,No,North Carolina,5/17/22,Representative,8,1,100%,,,
Ben Clark,Male,Black,,,No,No,North Carolina,5/17/22,Representative,9,1,100%,,,
Michael Felder,Male,White,,,No,No,North Carolina,5/17/22,Representative,10,"3,790",23%,,,
Pam Genant,Female,White,,,No,No,North Carolina,5/17/22,Representative,10,"13,028",77%,,,
Jay Carey,Male,White,,,No,No,North Carolina,5/17/22,Representative,11,"3,858",7%,,,
Katie Dean,Female,White,,,No,No,North Carolina,5/17/22,Representative,11,"13,957",26%,,,
Marco Gutierrez,Male,White,Latino,,No,No,North Carolina,5/17/22,Representative,11,"1,040",2%,,,
Bo Hess,Male,White,,,No,No,North Carolina,5/17/22,Representative,11,"2,082",4%,,,
Bynum M. Lunsford,Male,White,,,No,No,North Carolina,5/17/22,Representative,11,"1,002",2%,,,
Jasmine Beach-Ferrara,Female,White,,,No,No,North Carolina,5/17/22,Representative,11,"32,478",60%,,,
John Sharkey,Male,Black,,,No,Yes,North Carolina,5/17/22,Representative,12,"3,460",8%,,,
Alma S. Adams,Female,Black,,,Yes,No,North Carolina,5/17/22,Representative,12,"37,984",92%,,,
Nathan Click,Male,Black,,,No,No,North Carolina,5/17/22,Representative,13,"3,866",9%,,,
Denton Lee,Male,White,,,No,No,North Carolina,5/17/22,Representative,13,"3,311",7%,,,
Wiley Nickel,Male,White,,,No,No,North Carolina,5/17/22,Representative,13,"23,155",52%,,,
Sam Searcy,Male,White,,,No,No,North Carolina,5/17/22,Representative,13,"10,284",23%,,,
Jamie Campbell Bowles,Female,White,,,No,No,North Carolina,5/17/22,Representative,13,"4,217",9%,,,
Jeff Jackson,Male,White,,,No,No,North Carolina,5/17/22,Representative,14,"34,724",86%,,,
Ram Mammadov,Male,White (Azerbaijani),,,No,No,North Carolina,5/17/22,Representative,14,"5,598",14%,,,
Alex Khalil,Female,Middle Eastern (Palestinian),,,No,No,Pennsylvania,5/17/22,Senator,N/A,"54,460",4%,,,
Conor Lamb,Male,White,,,No,No,Pennsylvania,5/17/22,Senator,N/A,"3,37,498",26%,,,
Malcolm Kenyatta,Male,Black,,,No,No,Pennsylvania,5/17/22,Senator,N/A,"1,39,393",11%,,,
John Fetterman,Male,White,,,No,No,Pennsylvania,5/17/22,Senator,N/A,"7,53,557",59%,,,
Ashley Ehasz,Female,White,,,No,No,Pennsylvania,5/17/22,Representative,1,"79,546",100%,,,
Brendan F. Boyle,Male,White,,,Yes,No,Pennsylvania,5/17/22,Representative,2,"53,825",100%,,,
Dwight Evans,Male,Black,,,Yes,No,Pennsylvania,5/17/22,Representative,3,"97,709",76%,,,
Alexandra Hunt,Female,White,,,No,Yes,Pennsylvania,5/17/22,Representative,3,"25,712",20%,,,
Michael Cogbill,Male,Black,,,No,Yes,Pennsylvania,5/17/22,Representative,3,"5,728",4%,,,
Madeleine Dean,Female,White,,,Yes,No,Pennsylvania,5/17/22,Representative,4,"96,876",100%,,,
Mary Gay Scanlon,Female,White,,,Yes,No,Pennsylvania,5/17/22,Representative,5,"79,816",100%,,,
Chrissy Houlahan,Female,White,,,Yes,No,Pennsylvania,5/17/22,Representative,6,"71,950",100%,,,
Susan Wild,Female,White,,,Yes,No,Pennsylvania,5/17/22,Representative,7,"63,817",100%,,,
Matt Cartwright,Male,White,,,Yes,No,Pennsylvania,5/17/22,Representative,8,"68,696",100%,,,
Amanda R. Waldman,Female,White,,,No,No,Pennsylvania,5/17/22,Representative,9,"41,622",100%,,,
Rick Coplen,Male,White,,,No,No,Pennsylvania,5/17/22,Representative,10,"29,128",47%,,,
Shamaine Daniels,Female,Latino (Venezuelan),,,No,No,Pennsylvania,5/17/22,Representative,10,"32,260",53%,,,
Bob Hollister,Male,White,,,No,No,Pennsylvania,5/17/22,Representative,11,"46,080",100%,,,
Jeff Woodard,Male,Black,,,No,No,Pennsylvania,5/17/22,Representative,12,"5,454",5%,,,
Steve Irwin,Male,White,,,No,No,Pennsylvania,5/17/22,Representative,12,"47,014",41%,,,
William Parker,Male,Black,,,No,No,Pennsylvania,5/17/22,Representative,12,"1,670",1%,,,
Summer Lee,Female,Black,,,No,No,Pennsylvania,5/17/22,Representative,12,"48,002",42%,,,
Jerry Dickinson,Male,Black,White,,No,No,Pennsylvania,5/17/22,Representative,12,"12,440",11%,,,
Dan Pastore,Male,White,,,No,No,Pennsylvania,5/17/22,Representative,16,"44,262",69%,,,
Rick Telesz,Male,White,,,No,No,Pennsylvania,5/17/22,Representative,16,"19,788",31%,,,
Chris Deluzio,Male,White,,,No,No,Pennsylvania,5/17/22,Representative,17,"62,389",64%,,,
Sean Meloy,Male,White,,,No,No,Pennsylvania,5/17/22,Representative,17,"35,638",36%,,,
Josh Shapiro,Male,White,,,No,No,Pennsylvania,5/17/22,Governor,N/A,"12,27,151",100%,,,
Taysha DeVaughan,Female,Native American (Comanche),,,No,No,Virginia,5/21/22,Representative,9,1,100%,,,
Will Boyd,Male,Black,,,No,No,Alabama,5/24/22,Senator,N/A,"1,07,588",64%,,,
Brandaun Dean,Male,Black,,,No,No,Alabama,5/24/22,Senator,N/A,"32,863",19%,,,
Lanny Jackson,Male,Black,,,No,No,Alabama,5/24/22,Senator,N/A,"28,402",17%,,,
Phyllis Harvey-Hall,Female,Black,,,No,No,Alabama,5/24/22,Representative,2,"16,884",69%,,,
Vimal Patel,Male,Asian,,,No,No,Alabama,5/24/22,Representative,2,"7,667",31%,,,
Lin Veasey,Female,Unknown,,,No,No,Alabama,5/24/22,Representative,3,1,100%,,,
Rhonda Gore,Female,White,,,No,No,Alabama,5/24/22,Representative,4,"3,823",46%,,,
Rick Neighbors,Male,White,,,No,No,Alabama,5/24/22,Representative,4,"4,500",54%,,,
Charlie Thompson,Male,White,,,No,No,Alabama,5/24/22,Representative,5,"6,739",43%,,,
Kathy Warner-Stanton,Female,Black,,,No,No,Alabama,5/24/22,Representative,5,"9,010",57%,,,
Terrycina Sewell,Female,Black,,,Yes,No,Alabama,5/24/22,Representative,7,1,100%,,,
Yolanda Rochelle Flowers,Female,Black,,,No,No,Alabama,5/24/22,Governor,N/A,"56,991",34%,,,
Malika Sanders-Fortier,Female,Black,,,No,No,Alabama,5/24/22,Governor,N/A,"54,699",33%,,,
Patricia Salter Jamieson,Female,Black,,,No,No,Alabama,5/24/22,Governor,N/A,"19,691",12%,,,
Arthur Kennedy,Male,Black,,,No,No,Alabama,5/24/22,Governor,N/A,"15,630",9%,,,
"Chad ""Chig"" Martin",Male,White,,,No,No,Alabama,5/24/22,Governor,N/A,"9,352",6%,,,
"Doug ""New Blue"" Smith",Male,White,,,No,No,Alabama,5/24/22,Governor,N/A,"11,861",7%,,,
Jack E. Foster,Male,Black,,,No,No,Arkansas,5/24/22,Senator,N/A,"13,891",15%,,,
Natalie James,Female,Black,,,No,No,Arkansas,5/24/22,Senator,N/A,"49,722",54%,,,
Dan Whitfield,Male,White,,,No,No,Arkansas,5/24/22,Senator,N/A,"28,319",31%,,,
Monte Hodges,Male,Black,,,No,No,Arkansas,5/24/22,Representative,1,1,100%,,,
Quintessa Hathaway,Female,Black,,,No,No,Arkansas,5/24/22,Representative,2,1,100%,,,
Lauren Mallett-Hays,Female,White,,,No,No,Arkansas,5/24/22,Representative,3,1,100%,,,
John White,Male,White,,,No,No,Arkansas,5/24/22,Representative,4,1,100%,,,
"Anthony ""Tony"" Bland",Male,Black,,,No,No,Arkansas,5/24/22,Governor,N/A,"9,055",10%,,,
Supha Xayprasith-Mays,Female,Asian,,,No,No,Arkansas,5/24/22,Governor,N/A,"4,725",5%,,,
"James ""Rus"" Russell III",Male,White,,,No,No,Arkansas,5/24/22,Governor,N/A,"6,421",7%,,,
Chris Jones,Male,Black,,,No,No,Arkansas,5/24/22,Governor,N/A,"66,540",70%,,,
Jay Martin,Male,White,,,No,No,Arkansas,5/24/22,Governor,N/A,"7,731",8%,,,
Tamara Johnson-Shealey,Female,Black,,,No,Yes,Georgia,5/24/22,Senator,N/A,"28,984",4%,,,
Raphael Warnock,Male,Black,,,Yes,No,Georgia,5/24/22,Senator,N/A,"7,02,610",96%,,,
Joyce Marie Griggs,Female,Black,,,No,No,Georgia,5/24/22,Representative,1,"21,891",49%,,,
Wade Herring,Male,White,,,No,No,Georgia,5/24/22,Representative,1,"17,118",38%,,,
Michelle L. Munroe,Female,White,,,No,No,Georgia,5/24/22,Representative,1,"6,043",13%,,,
Sanford Bishop,Male,Black,,,Yes,No,Georgia,5/24/22,Representative,2,"54,991",94%,,,
Joe O'Hara,Male,Unknown,,,No,Yes,Georgia,5/24/22,Representative,2,"3,812",6%,,,
Val Almonord,Male,Black,,,No,No,Georgia,5/24/22,Representative,3,1,100%,,,
"Henry C. ""Hank"" Johnson Jr.",Male,Black,,,Yes,No,Georgia,5/24/22,Representative,4,1,100%,,,
Charlotte Macbagito,Female,Black,White,,No,Yes,Georgia,5/24/22,Representative,5,"3,791",4%,,,
Valencia Stovall,Female,Black,,,No,Yes,Georgia,5/24/22,Representative,5,"8,701",10%,,,
Nikema Williams,Female,Black,,,Yes,No,Georgia,5/24/22,Representative,5,"78,440",86%,,,
Bob Christian,Male,White,,,No,No,Georgia,5/24/22,Representative,6,"18,776",56%,,,
Wayne C. White,Male,White,,,No,No,Georgia,5/24/22,Representative,6,"15,025",44%,,,
Carolyn Bourdeaux,Female,White,,,Yes,Yes,Georgia,5/24/22,Representative,7,"16,310",31%,,,
Lucy McBath,Female,Black,,,Yes,Yes,Georgia,5/24/22,Representative,7,"33,607",63%,,,
Donna McLeod,Female,Black,,,No,Yes,Georgia,5/24/22,Representative,7,"3,352",6%,,,
Darrius Butler,Male,Black,,,No,No,Georgia,5/24/22,Representative,8,1,100%,,,
"Michael ""Mike"" Ford",Male,White,,,No,No,Georgia,5/24/22,Representative,9,1,100%,,,
Jessica Allison Fore,Female,White,,,No,No,Georgia,5/24/22,Representative,10,"7,257",19%,,,
Tabitha Johnson-Green,Female,Black,,,No,No,Georgia,5/24/22,Representative,10,"15,821",42%,,,
Phyllis Hatcher,Female,Black,,,No,No,Georgia,5/24/22,Representative,10,"7,120",19%,,,
Femi Oduwole,Male,Black,,,No,No,Georgia,5/24/22,Representative,10,"4,427",12%,,,
Paul Walton,Male,Black,,,No,No,Georgia,5/24/22,Representative,10,"3,077",8%,,,
Antonio Daza,Male,Latino (Venezuelan),,,No,No,Georgia,5/24/22,Representative,11,1,100%,,,
"Elizabeth ""Liz"" Johnson",Female,Black,,,No,No,Georgia,5/24/22,Representative,12,1,100%,,,
Mark Baker,Male,Black,,,No,Yes,Georgia,5/24/22,Representative,13,"11,581",13%,,,
Shastity Driscoll,Female,Black,,,No,Yes,Georgia,5/24/22,Representative,13,"10,906",12%,,,
Vincent Fort,Male,Black,,,No,Yes,Georgia,5/24/22,Representative,13,"9,108",10%,,,
David Scott,Male,Black,,,Yes,No,Georgia,5/24/22,Representative,13,"60,544",66%,,,
Wendy Davis,Female,White,,,No,No,Georgia,5/24/22,Representative,14,"5,141",19%,,,
Marcus Flowers,Male,Black,,,No,No,Georgia,5/24/22,Representative,14,"20,082",75%,,,
Holly McCormack,Female,White,,,No,No,Georgia,5/24/22,Representative,14,"1,662",6%,,,
Stacey Abrams,Female,Black,,,No,No,Georgia,5/24/22,Governor,N/A,1,100%,,,
Melanie Ann Stansbury,Female,White,,,Yes,No,New Mexico,06-07-2022,Representative,1,1,100%,,,
Gabriel Vasquez,Male,Latino (Mexican),,,No,No,New Mexico,06-07-2022,Representative,2,"24,010",76%,,,
Darshan Nilesh Patel,Male,Asian (Indian),,,No,No,New Mexico,06-07-2022,Representative,2,"7,534",24%,,,
Teresa Leger Fernandez,Female,Latino,,,Yes,No,New Mexico,06-07-2022,Representative,3,1,100%,,,
Michelle Lujan Grisham,Female,Latino (Mexican),,,Yes,No,New Mexico,06-07-2022,Governor,N/A,1,100%,,,
Hunter Avery,Male,White,,,No,No,Mississippi,06-07-2022,Representative,1,"2,203",21%,,,
Dianne Black,Female,Black,,,No,No,Mississippi,06-07-2022,Representative,1,"8,268",79%,,,
Jerry Kerner,Male,White,,,No,Yes,Mississippi,06-07-2022,Representative,2,"1,927",4%,,,
Bennie G. Thompson,Male,Black,,,Yes,No,Mississippi,06-07-2022,Representative,2,"49,907",96%,,,
Shuwaski A. Young,Male,Black,,,No,No,Mississippi,06-07-2022,Representative,3,1,100%,,,
Johnny L. DuPree ,Male,Black,,,No,No,Mississippi,06-07-2022,Representative,4,"9,952",85%,,,
David Sellers,Male,White,,,No,No,Mississippi,06-07-2022,Representative,4,"1,766",15%,,,
Cora Neumann,Female,White,,,No,No,Montana,06-07-2022,Representative,1,"15,396",27%,,,
Monica Tranel,Female,White,,,No,No,Montana,06-07-2022,Representative,1,"37,138",65%,,,
Tom Winter,Male,White,,,No,No,Montana,06-07-2022,Representative,1,"4,723",8%,,,
Penny Ronning,Female,White,,,No,No,Montana,06-07-2022,Representative,2,"21,983",58%,,,
Mark Sweeney,Male,White,,,No,No,Montana,06-07-2022,Representative,2,"8,586",23%,,,
Skylar Williams,Male,Native American,Latino,,No,No,Montana,06-07-2022,Representative,2,"7,029",19%,,,
Abby Finkenauer,Female,White,,,No,No,Iowa,06-07-2022,Senator,N/A,"62,581",40%,,,
Michael Franken,Male,White,,,No,No,Iowa,06-07-2022,Senator,N/A,"86,527",55%,,,
Glenn Hurst,Male,White,,,No,No,Iowa,06-07-2022,Senator,N/A,"7,571",5%,,,
Christina Bohannan,Female,White,,,No,No,Iowa,06-07-2022,Representative,1,1,100%,,,
Liz Mathis,Female,White,,,No,No,Iowa,06-07-2022,Representative,2,1,100%,,,
Cindy Axne,Female,White,,,Yes,No,Iowa,06-07-2022,Representative,3,1,100%,,,
Ryan Melton,Male,White,,,No,No,Iowa,06-07-2022,Representative,4,1,100%,,,
Deidre DeJear,Female,Black,,,No,No,Iowa,06-07-2022,Governor,N/A,1,100%,,,
Brian L. Bengs,Male,White,,,No,No,South Dakota,06-07-2022,Senator,N/A,1,100%,,,
Jamie Smith,Male,White,,,No,No,South Dakota,06-07-2022,Governor,N/A,1,100%,,,
Donald W. Norcross,Male,White,,,Yes,No,New Jersey,06-07-2022,Representative,1,"44,985",77%,,,
Mario DeSantis,Male,White,,,No,Yes,New Jersey,06-07-2022,Representative,1,"13,696",23%,,,
Tim Alexander,Male,Black,,,No,No,New Jersey,06-07-2022,Representative,2,"17,199",62%,,,
Carolyn Rush,Female,White,,,No,No,New Jersey,06-07-2022,Representative,2,"10,667",38%,,,
Andy Kim,Male,Asian (Korean),,,Yes,No,New Jersey,06-07-2022,Representative,3,"39,433",93%,,,
Reuven Hendler,Male,White,,,No,Yes,New Jersey,06-07-2022,Representative,3,"3,062",7%,,,
Matthew Jenkins,Male,White,,,No,No,New Jersey,06-07-2022,Representative,4,"20,655",100%,,,
Josh Gottheimer,Male,White,,,Yes,No,New Jersey,06-07-2022,Representative,5,"31,142",100%,,,
Frank Pallone Jr.,Male,White,,,Yes,No,New Jersey,06-07-2022,Representative,6,"30,534",100%,,,
Tom Malinowski,Male,White (Polish),,,Yes,No,New Jersey,06-07-2022,Representative,7,"37,304",94%,,,
Roger Bacon,Male,White,,,No,Yes,New Jersey,06-07-2022,Representative,7,"2,185",6%,,,
Robert J. Menendez,Male,Latino (Cuban),,,No,No,New Jersey,06-07-2022,Representative,8,"26,490",83%,,,
David Ocampo Grajales,Male,Latino (Colombian),,,No,No,New Jersey,06-07-2022,Representative,8,"3,749",12%,,,
Ane Roseborough-Eberhard,Female,Black,,,No,No,New Jersey,06-07-2022,Representative,8,"1,668",5%,,,
Bill Pascrell Jr.,Male,White,,,Yes,No,New Jersey,06-07-2022,Representative,9,"19,524",100%,,,
Donald M. Payne Jr.,Male,Black,,,Yes,No,New Jersey,06-07-2022,Representative,10,"29,680",83%,,,
Akil Khalfani,Male,Black,,,No,Yes,New Jersey,06-07-2022,Representative,10,"2,169",6%,,,
Imani Oakley,Female,Black,,,No,Yes,New Jersey,06-07-2022,Representative,10,"3,764",11%,,,
Mikie Sherrill,Female,White,,,Yes,No,New Jersey,06-07-2022,Representative,11,"37,948",100%,,,
Bonnie Watson Coleman,Female,Black,,,Yes,No,New Jersey,06-07-2022,Representative,12,"37,440",100%,,,
Akinyemi Agbede,Male,Black,,,No,Yes,California,06-07-2022,Senator,N/A,"70,971",2%,,,
Dan O'Dowd,Male,White,,,No,Yes,California,06-07-2022,Senator,N/A,"74,916",2%,,,
Alex Padilla,Male,Latino (Mexican),,,Yes,No,California,06-07-2022,Senator,N/A,"37,25,544",91%,,,
Douglas Howard Pierce,Male,White,,,No,Yes,California,06-07-2022,Senator,N/A,"1,16,771",3%,,,
Obaidul Huq Pirjada,Male,Asian (Indian),,,No,Yes,California,06-07-2022,Senator,N/A,"27,889",1%,,,
Timothy J. Ursich,Male,White,,,No,Yes,California,06-07-2022,Senator,N/A,"58,348",1%,,,
Dan O'Dowd,Male,White,,,No,Yes,California,06-07-2022,Senator (unexpired term),N/A,"1,91,531",5%,,,
Alex Padilla,Male,Latino (Mexican),,,Yes,No,California,06-07-2022,Senator (unexpired term),N/A,"37,40,582",90%,,,
Timothy Ursich Jr.,Male,White,,,No,Yes,California,06-07-2022,Senator (unexpired term),N/A,"2,26,447",5%,,,
Max Steiner,Male,White,,,No,No,California,06-07-2022,Representative,1,"55,549",100%,,,
Beth Hampson,Female,White,,,No,Yes,California,06-07-2022,Representative,2,"14,262",9%,,,
Jared Huffman,Male,White,,,Yes,No,California,06-07-2022,Representative,2,"1,45,245",91%,,,
Kermit Jones,Male,Black,,,No,No,California,06-07-2022,Representative,3,"91,217",88%,,,
David Peterson,Male,White,,,No,No,California,06-07-2022,Representative,3,"12,675",12%,,,
Andrew David Engdahl,Male,White,,,No,Yes,California,06-07-2022,Representative,4,"8,634",7%,,,
Mike Thompson,Male,White,,,Yes,No,California,06-07-2022,Representative,4,"1,15,041",93%,,,
"Michael J. ""Mike"" Barkley",Male,White,,,No,No,California,06-07-2022,Representative,5,"64,285",100%,,,
Ami Bera,Male,Asian (Indian),,,Yes,No,California,06-07-2022,Representative,6,"76,317",91%,,,
Mark Gorman,Male,White,,,No,Yes,California,06-07-2022,Representative,6,"7,528",9%,,,
Jimmy Fremgen,Male,White,,,No,Yes,California,06-07-2022,Representative,7,"12,550",12%,,,
Doris Matsui,Female,Asian (Japanese),,,Yes,No,California,06-07-2022,Representative,7,"94,896",88%,,,
John Garamendi,Male,White,,,Yes,No,California,06-07-2022,Representative,8,"72,333",80%,,,
Christopher Riley,Male,Latino (Salvadoran),White,,No,Yes,California,06-07-2022,Representative,8,"3,926",4%,,,
Edwin Rutsch,Male,White,,,No,Yes,California,06-07-2022,Representative,8,"3,268",4%,,,
Cheryl Sudduth,Female,Black,,,No,Yes,California,06-07-2022,Representative,8,"11,378",13%,,,
Harpreet Singh Chima,Male,Asian,,,No,Yes,California,06-07-2022,Representative,9,"8,433",16%,,,
Karena Apple Feng,Female,Asian,,,No,Yes,California,06-07-2022,Representative,9,"2,632",5%,,,
Josh Harder,Male,White,,,Yes,No,California,06-07-2022,Representative,9,"39,026",73%,,,
Khalid Jeffrey Jafri,Male,Asian (Indian),,,No,Yes,California,06-07-2022,Representative,9,"3,174",6%,,,
Mark DeSaulnier,Male,White,,,Yes,No,California,06-07-2022,Representative,10,"1,24,787",100%,,,
Shahid Buttar,Male,Asian (Pakistani),,,No,Yes,California,06-07-2022,Representative,11,"19,471",12%,,,
Nancy Pelosi,Female,White,,,Yes,No,California,06-07-2022,Representative,11,"1,33,798",84%,,,
Jeffrey Phillips,Male,White,,,No,Yes,California,06-07-2022,Representative,11,"3,595",2%,,,
Bianca Von Krieg,Female,White,,,No,Yes,California,06-07-2022,Representative,11,"2,499",2%,,,
Barbara Lee,Female,Black,,,Yes,No,California,06-07-2022,Representative,12,"1,35,892",97%,,,
Eric Wilson,Male,Black,,,No,Yes,California,06-07-2022,Representative,12,"3,753",3%,,,
Phil Arballo,Male,Latino,,,No,No,California,06-07-2022,Representative,13,"13,099",36%,,,
Adam Gray,Male,White,,,No,No,California,06-07-2022,Representative,13,"23,784",64%,,,
James Andrew Peters,Male,White,,,No,Yes,California,06-07-2022,Representative,14,"6,216",7%,,,
Eric Swalwell,Male,White,,,Yes,No,California,06-07-2022,Representative,14,"77,120",93%,,,
Emily Beach,Female,White,,,No,No,California,06-07-2022,Representative,15,"20,816",18%,,,
David J. Canepa,Male,White,,,No,No,California,06-07-2022,Representative,15,"34,488",30%,,,
Kevin Mullin,Male,White,,,No,No,California,06-07-2022,Representative,15,"58,806",51%,,,
Andrew G. Watters,Male,White,,,No,No,California,06-07-2022,Representative,15,"1,551",1%,,,
Anna G. Eshoo,Female,Middle Eastern (Armenian),,,Yes,No,California,06-07-2022,Representative,16,"81,100",62%,,,
Rishi Kumar,Male,Asian (Indian),,,No,Yes,California,06-07-2022,Representative,16,"26,438",20%,,,
Ajwang Rading,Male,Black,,,No,Yes,California,06-07-2022,Representative,16,"11,418",9%,,,
Greg Lin Tanaka,Male,Asian,,,No,Yes,California,06-07-2022,Representative,16,"11,107",9%,,,
Stephen Forbes,Male,White,,,No,Yes,California,06-07-2022,Representative,17,"5,694",7%,,,
Ro Khanna,Male,Asian (Indian),,,Yes,No,California,06-07-2022,Representative,17,"74,892",90%,,,
Rao Ravul,Male,Asian,,,No,Yes,California,06-07-2022,Representative,17,"2,394",3%,,,
Luis Acevedo-Arreguin,Male,Latino (Mexican),,,No,Yes,California,06-07-2022,Representative,18,"11,253",18%,,,
Zoe Lofgren,Female,White,,,Yes,No,California,06-07-2022,Representative,18,"50,104",82%,,,
Douglas Deitch,Male,White,,,No,Yes,California,06-07-2022,Representative,19,"5,700",4%,,,
Jimmy Panetta,Male,White,,,Yes,No,California,06-07-2022,Representative,19,"1,27,545",96%,,,
Ben Dewell,Male,White,,,No,No,California,06-07-2022,Representative,20,"8,757",21%,,,
Marisa Wood,Female,White,,,No,No,California,06-07-2022,Representative,20,"33,511",79%,,,
Jim Costa,Male,White,,,Yes,No,California,06-07-2022,Representative,21,"33,850",82%,,,
Eric Garcia,Male,Latino (Mexican),,,No,Yes,California,06-07-2022,Representative,21,"7,239",18%,,,
Rudy Salas,Male,Latino,,,No,No,California,06-07-2022,Representative,22,"25,337",100%,,,
Blanca A. Gómez,Female,Latino,,,No,No,California,06-07-2022,Representative,23,"16,516",44%,,,
Derek Marshall,Male,White,,,No,No,California,06-07-2022,Representative,23,"20,776",56%,,,
Salud Carbajal,Male,Latino (Mexican),,,Yes,No,California,06-07-2022,Representative,24,"1,11,199",100%,,,
Raul Ruiz,Male,Latino (Mexican),,,Yes,No,California,06-07-2022,Representative,25,"55,315",100%,,,
Julia Brownley,Female,White,,,Yes,No,California,06-07-2022,Representative,26,"91,535",100%,,,
Ruth Luevanos,Female,Latino,,,No,No,California,06-07-2022,Representative,27,"6,668",11%,,,
Quaye Quartey,Male,Black,,,No,No,California,06-07-2022,Representative,27,"8,303",14%,,,
Christy Smith,Female,White,,,No,No,California,06-07-2022,Representative,27,"45,675",75%,,,
Dorothy Caronna,Female,White,,,No,Yes,California,06-07-2022,Representative,28,"7,993",8%,,,
Judy Chu,Female,Asian (Chinese),,,Yes,No,California,06-07-2022,Representative,28,"90,395",92%,,,
Tony Cardenas,Male,Latino (Mexican),,,Yes,No,California,06-07-2022,Representative,29,"47,941",71%,,,
Angélica María Dueñas,Female,Latino (Mexican),,,No,Yes,California,06-07-2022,Representative,29,"19,321",29%,,,
Sal Genovese,Male,White,,,No,Yes,California,06-07-2022,Representative,30,"2,612",2%,,,
"G ""Maebe A. Girl"" Pudlo",Female,White,,,No,Yes,California,06-07-2022,Representative,30,"21,053",17%,,,
Adam B. Schiff,Male,White,,,Yes,No,California,06-07-2022,Representative,30,"1,02,290",81%,,,
Rocco Anthony De Luca,Male,White,,,No,Yes,California,06-07-2022,Representative,31,"6,948",12%,,,
Grace F. Napolitano,Female,Latino,,,Yes,No,California,06-07-2022,Representative,31,"49,415",88%,,,
Shervin Aazami,Male,Middle Eastern (Iranian),,,No,Yes,California,06-07-2022,Representative,32,"15,035",13%,,,
Jason Potell,Male,White,,,No,Yes,California,06-07-2022,Representative,32,"2,943",2%,,,
Raji Rab,Male,Asian,,,No,Yes,California,06-07-2022,Representative,32,"2,938",2%,,,
Aarika Samone Rhodes,Female,Black,,,No,Yes,California,06-07-2022,Representative,32,"8,744",7%,,,
Brad Sherman,Male,White,,,Yes,No,California,06-07-2022,Representative,32,"88,063",75%,,,
Pete Aguilar,Male,Latino (Mexican),,,Yes,No,California,06-07-2022,Representative,33,"41,046",100%,,,
Jimmy Gomez,Male,Latino (Mexican),,,Yes,No,California,06-07-2022,Representative,34,"45,376",57%,,,
David Kim,Male,Asian (Korean),,,No,Yes,California,06-07-2022,Representative,34,"34,921",43%,,,
Lloyd A. Stevens,Male,White,,,No,Yes,California,06-07-2022,Representative,35,"3,022",7%,,,
Norma J. Torres,Female,Latino (Guatemalan),,,Yes,No,California,06-07-2022,Representative,35,"37,554",93%,,,
Ted W. Lieu,Male,Asian (Taiwanese),,,Yes,No,California,06-07-2022,Representative,36,"1,22,969",95%,,,
Colin Kilpatrick Obrien,Male,Unknown,,,No,Yes,California,06-07-2022,Representative,36,"6,221",5%,,,
Sydney Kamlager,Female,Black,White,,No,No,California,06-07-2022,Representative,37,"42,628",48%,,,
Daniel W. Lee,Male,Black,,,No,No,California,06-07-2022,Representative,37,"17,414",20%,,,
Sandra Mendoza,Female,Latino,,,No,No,California,06-07-2022,Representative,37,"8,017",9%,,,
Jan C. Perry,Female,Black,,,No,No,California,06-07-2022,Representative,37,"17,993",20%,,,
Michael Shure,Male,White,,,No,No,California,06-07-2022,Representative,37,"2,469",3%,,,
Linda T. Sánchez,Female,Latino (Mexican),,,Yes,No,California,06-07-2022,Representative,38,"58,586",100%,,,
Mark Takano,Male,Asian (Japanese),,,Yes,No,California,06-07-2022,Representative,39,"44,067",100%,,,
Asif Mahmood,Male,Asian (Pakistani),,,No,No,California,06-07-2022,Representative,40,"74,607",100%,,,
Shrina Kurani,Female,Asian (Indian),,,No,No,California,06-07-2022,Representative,41,"23,483",34%,,,
Will Rollins,Male,White,,,No,No,California,06-07-2022,Representative,41,"45,923",66%,,,
Joaquín Beltrán,Male,Latino (Mexican),,,No,No,California,06-07-2022,Representative,42,"2,254",3%,,,
Cristina Garcia,Female,Latino,,,No,No,California,06-07-2022,Representative,42,"11,685",18%,,,
Robert Garcia,Male,Latino (Peruvian),,,No,No,California,06-07-2022,Representative,42,"43,406",66%,,,
J. Nicole Lopez,Female,Latino (Mexican),,,No,No,California,06-07-2022,Representative,42,"3,164",5%,,,
Peter Mathews,Male,Asian (Indian),,,No,No,California,06-07-2022,Representative,42,"3,415",5%,,,
William Moses Summerville,Male,Black,,,No,No,California,06-07-2022,Representative,42,"2,301",3%,,,
Jean M. Monestime,Male,Unknown,,,No,Yes,California,06-07-2022,Representative,43,"2,952",5%,,,
Maxine Waters,Female,Black,,,Yes,No,California,06-07-2022,Representative,43,"55,889",95%,,,
Nanette Diaz Barragan,Female,Latino (Mexican),,,Yes,No,California,06-07-2022,Representative,44,"58,594",91%,,,
Morris Falls Griffin,Male,Black,,,No,Yes,California,06-07-2022,Representative,44,"6,110",9%,,,
Jay F. Chen,Male,Asian (Taiwanese),,,No,No,California,06-07-2022,Representative,45,"58,721",100%,,,
Lou Correa,Male,Latino (Mexican),,,Yes,No,California,06-07-2022,Representative,46,"37,311",80%,,,
Mike Ortega,Male,Latino (Puerto Rican / Ecuadorian),,,No,Yes,California,06-07-2022,Representative,46,"9,311",20%,,,
Katie Porter,Female,White,,,Yes,No,California,06-07-2022,Representative,47,"86,742",100%,,,
Stephen Houlahan,Male,White,,,No,No,California,06-07-2022,Representative,48,"45,740",75%,,,
Matthew G. Rascon,Male,White,,,No,No,California,06-07-2022,Representative,48,"14,983",25%,,,
Mike Levin,Male,White,,,Yes,No,California,06-07-2022,Representative,49,"92,211",95%,,,
Nadia Bahia Smalley,Female,Black,,,No,Yes,California,06-07-2022,Representative,49,"4,804",5%,,,
Scott Peters,Male,White,,,Yes,No,California,06-07-2022,Representative,50,"89,894",85%,,,
Kylie Louie Vie Benitez Taitano,Female,Asian (Filipino),,,No,Yes,California,06-07-2022,Representative,50,"16,065",15%,,,
Sara Jacobs,Female,White,,,Yes,No,California,06-07-2022,Representative,51,"91,329",100%,,,
Juan Vargas,Male,Latino (Mexican),,,Yes,No,California,06-07-2022,Representative,52,"56,827",85%,,,
Joaquín Vázquez,Male,Latino (Mexican),,,No,Yes,California,06-07-2022,Representative,52,"9,965",15%,,,
"Anthony ""Tony"" Fanara",Male,White,,,No,Yes,California,06-07-2022,Governor,N/A,"25,086",1%,,,
Gavin Newsom,Male,White,,,Yes,No,California,06-07-2022,Governor,N/A,"39,45,728",97%,,,
"Armando ""Mando"" Perez-Serrato",Male,Latino (Mexican),,,No,Yes,California,06-07-2022,Governor,N/A,"45,474",1%,,,
Joel Ventresca,Male,White,,,No,Yes,California,06-07-2022,Governor,N/A,"66,885",2%,,,
Jennifer Lewis,Female,White,,,No,No,Virginia,06-11-2022,Representative,6,N/A,N/A,,,
Chellie Pingree,Female,White,,,Yes,No,Maine,6/14/22,Representative,1,"43,007",94%,,,
Jared Golden,Male,White,,,Yes,No,Maine,6/14/22,Representative,2,"25,684",90%,,,
Janet Mills,Female,White,,,Yes,No,Maine,6/14/22,Governor,N/A,"69,422",93%,,,
Catherine Cortez Masto,Female,White,Latino (Mexican),,Yes,No,Nevada,6/14/22,Senator,N/A,"1,59,694",91%,,,
Stephanie Kasheta,Female,White,,,No,Yes,Nevada,6/14/22,Senator,N/A,"3,487",2%,,,
Corey Reid,Male,White,,,No,Yes,Nevada,6/14/22,Senator,N/A,"4,491",3%,,,
Allen Rheinhart,Male,Black,,,No,Yes,Nevada,6/14/22,Senator,N/A,"3,852",2%,,,
Dina Titus,Female,White,,,Yes,No,Nevada,6/14/22,Representative,1,"33,565",80%,,,
Amy Vilela,Female,White,,,No,Yes,Nevada,6/14/22,Representative,1,"8,482",20%,,,
Joseph Edward Afzal,Male,White,Native American (Pomo),,No,No,Nevada,6/14/22,Representative,2,"3,117",7%,,,
Michael Doucette,Male,White,,,No,No,Nevada,6/14/22,Representative,2,"5,478",12%,,,
Gerold Lee Gorman,Male,White,,,No,No,Nevada,6/14/22,Representative,2,"1,034",2%,,,
Tim Hanifan,Male,White,,,No,No,Nevada,6/14/22,Representative,2,"6,440",14%,,,
Brian J. Hansen,Male,White,,,No,No,Nevada,6/14/22,Representative,2,"3,276",7%,,,
Rahul A. Joshi,Male,Asian,,,No,No,Nevada,6/14/22,Representative,2,"3,613",8%,,,
Elizabeth Mercedes Krause,Female,Native American (Lakota),,,No,No,Nevada,6/14/22,Representative,2,"22,072",49%,,,
"Randell ""Randy"" Hynes",Male,White,,,No,Yes,Nevada,6/14/22,Representative,3,"4,265",10%,,,
Susie Lee,Female,White,,,Yes,No,Nevada,6/14/22,Representative,3,"37,069",90%,,,
Steven A. Horsford,Male,Black,,,Yes,No,Nevada,6/14/22,Representative,4,1,100%,,,
Tom Collins,Male,White,,,No,Yes,Nevada,6/14/22,Governor,N/A,"12,051",7%,,,
Steve Sisolak,Male,White,,,Yes,No,Nevada,6/14/22,Governor,N/A,"1,57,283",90%,,,
Catherine Fleming Bruce,Female,Black,,,No,No,South Carolina,6/14/22,Senator,N/A,"59,777",35%,,,
Angela Geter,Female,Black,,,No,No,South Carolina,6/14/22,Senator,N/A,"55,281",32%,,,
Krystle Matthews,Female,Black,,,No,No,South Carolina,6/14/22,Senator,N/A,"57,278",33%,,,
Annie Andrews,Female,White,,,No,No,South Carolina,6/14/22,Representative,1,1,100%,,,
Judd Larkins,Male,White,,,No,No,South Carolina,6/14/22,Representative,2,1,100%,,,
Ken Hill,Male,White,,,No,No,South Carolina,6/14/22,Representative,4,1,100%,,,
Kevin Eckert,Male,White,,,No,No,South Carolina,6/14/22,Representative,5,"8,274",42%,,,
Evangeline Hundley,Female,Black,,,No,No,South Carolina,6/14/22,Representative,5,"11,257",58%,,,
Michael Addison,Male,Black,,,No,Yes,South Carolina,6/14/22,Representative,6,"4,203",8%,,,
"James E. ""Jim"" Clyburn",Male,Black,,,Yes,No,South Carolina,6/14/22,Representative,6,"48,729",88%,,,
"Gregg ""Marcel"" Dixon",Male,Black,,,No,Yes,South Carolina,6/14/22,Representative,6,"2,503",5%,,,
Daryl W. Scott,Male,Black,,,No,No,South Carolina,6/14/22,Representative,7,1,100%,,,
Carlton Boyd,Male,Black,,,No,No,South Carolina,6/14/22,Governor,N/A,"9,579",5%,,,
Joe Cunningham,Male,White,,,No,No,South Carolina,6/14/22,Governor,N/A,"1,02,473",56%,,,
Mia S. McLeod,Female,Black,,,No,No,South Carolina,6/14/22,Governor,N/A,"56,406",31%,,,
"Calvin ""C.J. Mack"" McMillan",Male,Black,,,No,No,South Carolina,6/14/22,Governor,N/A,"6,303",3%,,,
William H. Williams,Male,Black,,,No,No,South Carolina,6/14/22,Governor,N/A,"6,829",4%,,,
Katrina Christiansen,Female,White,,,No,No,North Dakota,6/14/22,Senator,N/A,"17,187",77%,,,
Michael J. Steele,Male,White,,,No,No,North Dakota,6/14/22,Senator,N/A,"5,174",23%,,,
Mark Haugen,Male,White,,,No,No,North Dakota,6/14/22,Representative,At-Large,"21,897",100%,,,
"Herbert C. ""Herb"" Jones Jr.",Male,Black,,,No,No,Virginia,6/21/22,Representative,1,1,100%,,,
Elaine G. Luria,Female,White,,,Yes,No,Virginia,6/21/22,Representative,2,1,100%,,,
"Robert C. ""Bobby"" Scott",Male,Black,,,Yes,No,Virginia,6/21/22,Representative,3,1,100%,,,
A. Donald McEachin,Male,Black,,,Yes,No,Virginia,6/21/22,Representative,4,1,100%,,,
Joshua M. Throneburg,Male,White,,,No,No,Virginia,6/21/22,Representative,5,1,100%,,,
Abigail A. Spanberger,Female,White,,,Yes,No,Virginia,6/21/22,Representative,7,1,100%,,,
Donald S. Beyer Jr.,Male,White,,,Yes,No,Virginia,6/21/22,Representative,8,"39,062",77%,,,
Victoria I. Virasingh,Female,Latino (Ecuadorian),Asian (Indian),,No,Yes,Virginia,6/21/22,Representative,8,"11,583",23%,,,
Jennifer T. Wexton,Female,White,,,Yes,No,Virginia,6/21/22,Representative,10,1,100%,,,
"Gerald E. ""Gerry"" Connolly",Male,White,,,Yes,No,Virginia,6/21/22,Representative,11,1,100%,,,
Michael Bennet,Male,Unknown,,,Yes,No,Colorado,6/28/22,Senator,N/A,1,100%,,,
Diana DeGette,Female,White,,,Yes,No,Colorado,6/28/22,Representative,1,"79,391",81%,,,
Neal Walia,Male,Asian (Indian),,,No,Yes,Colorado,6/28/22,Representative,1,"18,472",19%,,,
Joe Neguse,Male,Black,,,Yes,No,Colorado,6/28/22,Representative,2,1,100%,,,
Soledad Sandoval Tafoya,Female,Latino,,,No,No,Colorado,6/28/22,Representative,3,"25,462",42%,,,
Alex Walker,Male,White,,,No,No,Colorado,6/28/22,Representative,3,"9,504",16%,,,
Adam Frisch,Male,White,,,No,No,Colorado,6/28/22,Representative,3,"25,751",42%,,,
Ike McCorkle,Male,White,,,No,No,Colorado,6/28/22,Representative,4,1,100%,,,
David Torres,Male,Latino (Puerto Rican),,,No,No,Colorado,6/28/22,Representative,5,"24,413",55%,,,
Michael C. Colombe,Male,White,,,No,No,Colorado,6/28/22,Representative,5,"20,237",45%,,,
Jason Crow,Male,White,,,Yes,No,Colorado,6/28/22,Representative,6,1,100%,,,
Brittany Pettersen,Female,White,,,No,No,Colorado,6/28/22,Representative,7,1,100%,,,
Yadira Caraveo,Female,Latino (Mexican),,,No,No,Colorado,6/28/22,Representative,8,1,100%,,,
Jared Polis,Male,White,,,Yes,No,Colorado,6/28/22,Governor,N/A,1,100%,,,
Tammy Duckworth,Female,Asian (Thai),White,,Yes,No,Illinois,6/28/22,Senator,N/A,1,100%,,,
"Jacqueline ""Jacqui"" Collins",Female,Black,,,No,No,Illinois,6/28/22,Representative,1,"9,299",12%,,,
Pat Dowell,Female,Black,,,No,No,Illinois,6/28/22,Representative,1,"14,594",19%,,,
Cassandra Goodrum,Female,Black,,,No,No,Illinois,6/28/22,Representative,1,"1,422",2%,,,
Jonathan L. Jackson,Male,Black,,,No,No,Illinois,6/28/22,Representative,1,"21,607",28%,,,
Michael A. Thompson Jr.,Male,Black,,,No,No,Illinois,6/28/22,Representative,1,"1,680",2%,,,
Jahmal Cole,Male,Black,,,No,No,Illinois,6/28/22,Representative,1,"4,045",5%,,,
Karin Norington-Reaves,Female,Black,,,No,No,Illinois,6/28/22,Representative,1,"10,825",14%,,,
Chris Butler,Male,Black,,,No,No,Illinois,6/28/22,Representative,1,"4,141",5%,,,
Marcus Lewis,Male,Black,,,No,No,Illinois,6/28/22,Representative,1,901,1%,,,
Terre Layng Rosner,Female,White,,,No,No,Illinois,6/28/22,Representative,1,780,1%,,,
Robert A. Palmer,Male,Black,,,No,No,Illinois,6/28/22,Representative,1,899,1%,,,
Kirby Birgans,Male,Black,,,No,No,Illinois,6/28/22,Representative,1,511,1%,,,
Steve DeJoie,Male,Black,,,No,No,Illinois,6/28/22,Representative,1,251,0%,,,
Ameena Matthews,Female,Black,,,No,No,Illinois,6/28/22,Representative,1,686,1%,,,
Charise A. Williams,Female,Black,,,No,No,Illinois,6/28/22,Representative,1,"1,601",2%,,,
Jonathan T. Swain,Male,Black,,,No,No,Illinois,6/28/22,Representative,1,"2,554",3%,,,
Nykea Pippion McGriff,Female,Black,,,No,No,Illinois,6/28/22,Representative,1,892,1%,,,
Robin Kelly,Female,Black,,,Yes,No,Illinois,6/28/22,Representative,2,1,100%,,,
Delia Ramirez,Female,Latino (Guatemalan),,,No,No,Illinois,6/28/22,Representative,3,"37,296",66%,,,
"Gilbert ""Gil"" Villegas",Male,Latino,,,No,No,Illinois,6/28/22,Representative,3,"12,990",23%,,,
Juan Enrique Aguirre,Male,Latino,,,No,No,Illinois,6/28/22,Representative,3,"2,175",4%,,,
Iymen H. Chehade,Male,Middle Eastern (Palestinian),,,No,No,Illinois,6/28/22,Representative,3,"3,719",7%,,,
"Jesus ""Chuy"" Garcia",Male,Latino (Mexican),,,Yes,No,Illinois,6/28/22,Representative,4,1,100%,,,
Mike Quigley,Male,White,,,Yes,No,Illinois,6/28/22,Representative,5,1,100%,,,
Marie Newman,Female,White,,,Yes,Yes,Illinois,6/28/22,Representative,6,"19,726",29%,,,
Sean Casten,Male,White,,,Yes,Yes,Illinois,6/28/22,Representative,6,"45,654",68%,,,
Charles M. Hughes,Male,White,,,No,Yes,Illinois,6/28/22,Representative,6,"2,085",3%,,,
Danny K. Davis,Male,Black,,,Yes,No,Illinois,6/28/22,Representative,7,"39,320",52%,,,
Kina Collins,Female,Black,,,No,Yes,Illinois,6/28/22,Representative,7,"34,574",46%,,,
Denarvis C. Mendenhall,Male,Black,,,No,Yes,Illinois,6/28/22,Representative,7,"1,808",2%,,,
Junaid Ahmed,Male,Asian,,,No,Yes,Illinois,6/28/22,Representative,8,"12,627",30%,,,
Raja Krishnamoorthi,Male,Asian (Indian),,,Yes,No,Illinois,6/28/22,Representative,8,"29,933",70%,,,
Janice D. Schakowsky,Female,White,,,Yes,No,Illinois,6/28/22,Representative,9,1,100%,,,
Brad Schneider,Male,White,,,Yes,No,Illinois,6/28/22,Representative,10,1,100%,,,
Bill Foster,Male,White,,,Yes,No,Illinois,6/28/22,Representative,11,1,100%,,,
"Homer ""Chip"" Markel",Male,White,,,No,No,Illinois,6/28/22,Representative,12,"11,068",57%,,,
Joshua Qualls,Male,White,,,No,No,Illinois,6/28/22,Representative,12,"8,438",43%,,,
Nikki Budzinski,Female,White,,,No,No,Illinois,6/28/22,Representative,13,"31,593",76%,,,
David Palmer,Male,Black,,,No,No,Illinois,6/28/22,Representative,13,"10,216",24%,,,
Lauren Underwood,Female,Black,,,Yes,No,Illinois,6/28/22,Representative,14,1,100%,,,
Paul J. Lange,Male,White,,,No,No,Illinois,6/28/22,Representative,15,1,100%,,,
Litesa Wallace,Female,Black,,,No,No,Illinois,6/28/22,Representative,17,"9,103",23%,,,
Eric Sorensen,Male,White,,,No,No,Illinois,6/28/22,Representative,17,"14,702",38%,,,
Angie Normoyle,Female,White,,,No,No,Illinois,6/28/22,Representative,17,"4,818",12%,,,
Marsha Williams,Female,White,,,No,No,Illinois,6/28/22,Representative,17,"2,701",7%,,,
Jonathan Klarer Logemann,Male,White,,,No,No,Illinois,6/28/22,Representative,17,"5,628",14%,,,
Jacqueline McGowan,Female,White,,,No,No,Illinois,6/28/22,Representative,17,"2,040",5%,,,
J.B. Pritzker,Male,White,,,Yes,No,Illinois,6/28/22,Governor,N/A,"8,10,989",92%,,,
Beverly Miles,Female,Black,,,No,Yes,Illinois,6/28/22,Governor,N/A,"71,704",8%,,,
Charles E. Schumer,Male,White,,,Yes,No,New York,6/28/22,Senator,N/A,1,100%,,,
Kathy C. Hochul,Female,White,,,Yes,No,New York,6/28/22,Governor,N/A,"6,07,928",67%,,,
Thomas R. Suozzi,Male,White,,,No,Yes,New York,6/28/22,Governor,N/A,"1,16,972",13%,,,
Jumaane D. Williams,Male,Black,,,No,Yes,New York,6/28/22,Governor,N/A,"1,73,872",19%,,,
Jason Bollinger,Male,White,,,No,No,Oklahoma,6/28/22,Senator,N/A,"27,374",17%,,,
Madison Horn,Female,Native American (Cherokee),White,,No,No,Oklahoma,6/28/22,Senator,N/A,"60,691",37%,,,
Arya Azma,Male,Middle Eastern (Iranian),,,No,No,Oklahoma,6/28/22,Senator,N/A,"11,478",7%,,,
Brandon Wade,Male,White,,,No,No,Oklahoma,6/28/22,Senator,N/A,"19,986",12%,,,
Dennis L. Baker,Male,Native American (Creek / Yuchi),,,No,No,Oklahoma,6/28/22,Senator,N/A,"22,467",14%,,,
Jo Glenn,Female,White,,,No,No,Oklahoma,6/28/22,Senator,N/A,"21,198",13%,,,
Kendra Horn,Female,White,,,No,No,Oklahoma,6/28/22,Senator (unexpired term),N/A,1,100%,,,
Adam Martin,Male,Black,,,No,No,Oklahoma,6/28/22,Representative,1,1,100%,,,
Naomi Andrews,Female,White,,,No,No,Oklahoma,6/28/22,Representative,2,1,100%,,,
Jeremiah A. Ross,Male,White,,,No,No,Oklahoma,6/28/22,Representative,3,1,100%,,,
Mary Brannon,Female,White,,,No,No,Oklahoma,6/28/22,Representative,4,1,100%,,,
Joshua Harris-Till,Male,Black,,,No,No,Oklahoma,6/28/22,Representative,5,1,100%,,,
Connie Johnson,Female,Black,,,No,No,Oklahoma,6/28/22,Governor,N/A,"65,894",39%,,,
Joy Hofmeister,Female,White,,,No,No,Oklahoma,6/28/22,Governor,N/A,"1,01,913",61%,,,
Rick Edwin Jones,Male,White,,,No,No,Utah,6/28/22,Representative,1,1,100%,,,
Nick Mitchell,Male,Black,,,No,No,Utah,6/28/22,Representative,2,1,100%,,,
Glenn J. Wright,Male,White,,,No,No,Utah,6/28/22,Representative,3,1,100%,,,
Darlene McDonald,Female,Black,,,No,No,Utah,6/28/22,Representative,4,1,100%,,,
Michelle L. Smith,Female,Black,,,No,Yes,Maryland,7/19/22,Senator,N/A,"1,27,089",19%,,,
Chris Van Hollen,Male,White,,,Yes,No,Maryland,7/19/22,Senator,N/A,"5,35,014",81%,,,
R. David Harden,Male,White,,,No,No,Maryland,7/19/22,Representative,1,"15,683",31%,,,
Heather R. Mizeur,Female,White,,,No,No,Maryland,7/19/22,Representative,1,"34,549",69%,,,
George Croom,Male,Black,,,No,Yes,Maryland,7/19/22,Representative,2,"8,465",10%,,,
Marques Dent,Male,Black,,,No,Yes,Maryland,7/19/22,Representative,2,"7,728",9%,,,
Liri Fusha,Female,White (Albanian),,,No,Yes,Maryland,7/19/22,Representative,2,"4,218",5%,,,
C.A. Dutch Ruppersberger,Male,White,,,Yes,No,Maryland,7/19/22,Representative,2,"62,896",75%,,,
Ben R. Beardsley,Male,White,,,No,Yes,Maryland,7/19/22,Representative,3,"6,854",9%,,,
Jake Pretot,Male,White,,,No,Yes,Maryland,7/19/22,Representative,3,"4,728",6%,,,
John Sarbanes,Male,White,,,Yes,No,Maryland,7/19/22,Representative,3,"63,790",85%,,,
Tammy Allison,Female,Black,,,No,No,Maryland,7/19/22,Representative,4,"1,726",2%,,,
Angela M. Angel,Female,Black,,,No,No,Maryland,7/19/22,Representative,4,"4,678",6%,,,
"James Levi Curtis, Jr.",Male,Black,,,No,No,Maryland,7/19/22,Representative,4,763,1%,,,
Donna F. Edwards,Female,Black,,,No,No,Maryland,7/19/22,Representative,4,"29,114",35%,,,
Matthew F. Fogg,Male,Black,,,No,No,Maryland,7/19/22,Representative,4,663,1%,,,
Gregory Holmes,Male,Black,,,No,No,Maryland,7/19/22,Representative,4,"1,024",1%,,,
Glenn F. Ivey,Male,Black,,,No,No,Maryland,7/19/22,Representative,4,"42,791",52%,,,
Robert K. McGhee,Male,Unknown,,,No,No,Maryland,7/19/22,Representative,4,549,1%,,,
Kim A. Shelton,Female,Black,,,No,No,Maryland,7/19/22,Representative,4,"1,354",2%,,,
Steny Hoyer,Male,White,,,Yes,No,Maryland,7/19/22,Representative,5,"68,729",71%,,,
Keith Washington,Male,Black,,,No,Yes,Maryland,7/19/22,Representative,5,"9,222",10%,,,
McKayla Wilkes,Female,Black,,,No,Yes,Maryland,7/19/22,Representative,5,"18,403",19%,,,
George Gluck,Male,White,,,No,Yes,Maryland,7/19/22,Representative,6,"2,789",5%,,,
Ben Smilowitz,Male,White,,,No,Yes,Maryland,7/19/22,Representative,6,"8,995",16%,,,
David J. Trone,Male,White,,,Yes,No,Maryland,7/19/22,Representative,6,"44,370",79%,,,
Tashi Kimandus Davis,Male,Black,,,No,Yes,Maryland,7/19/22,Representative,7,"7,141",8%,,,
Elihu Eli El,Male,Black,,,No,Yes,Maryland,7/19/22,Representative,7,"1,885",2%,,,
Kweisi Mfume,Male,Black,,,Yes,No,Maryland,7/19/22,Representative,7,"80,118",85%,,,
"Wayne ""For Freedom"" McNeal",Male,Black,,,No,Yes,Maryland,7/19/22,Representative,7,"4,890",5%,,,
Andalib Odulate,Male,Black,,,No,Yes,Maryland,7/19/22,Representative,8,"7,075",6%,,,
Jamie Raskin,Male,White,,,Yes,No,Maryland,7/19/22,Representative,8,"1,09,055",94%,,,
Rushern L. Baker III,Male,Black,,,No,No,Maryland,7/19/22,Governor,N/A,"26,594",4%,,,
Jon Baron,Male,White,,,No,No,Maryland,7/19/22,Governor,N/A,"11,880",2%,,,
Peter Franchot,Male,White,,,No,No,Maryland,7/19/22,Governor,N/A,"1,41,586",21%,,,
Douglas F. Gansler,Male,White,,,No,No,Maryland,7/19/22,Governor,N/A,"25,481",4%,,,
Ralph W. Jaffe,Male,White,,,No,No,Maryland,7/19/22,Governor,N/A,"2,978",0%,,,
Ashwani Jain,Male,Asian (Indian),,,No,No,Maryland,7/19/22,Governor,N/A,"13,784",2%,,,
John King,Male,Black,Latino,,No,No,Maryland,7/19/22,Governor,N/A,"24,882",4%,,,
Wes Moore,Male,Black,,,No,No,Maryland,7/19/22,Governor,N/A,"2,17,524",32%,,,
Tom Perez,Male,Latino (Dominican),,,No,No,Maryland,7/19/22,Governor,N/A,"2,02,175",30%,,,
Jerome M. Segal,Male,White,,,No,No,Maryland,7/19/22,Governor,N/A,"4,276",1%,,,
Mark Kelly,Male,White,,,Yes,No,Arizona,08-02-2022,Senator,N/A,"5,89,400",100%,,,
Jevin D. Hodge,Male,Black,,,No,No,Arizona,08-02-2022,Representative,1,"46,144",62%,,,
Adam Metzendorf,Male,White,,,No,No,Arizona,08-02-2022,Representative,1,"28,267",38%,,,
Tom O'Halleran,Male,White,,,Yes,No,Arizona,08-02-2022,Representative,2,"71,391",100%,,,
Ruben Gallego,Male,Latino,,,Yes,No,Arizona,08-02-2022,Representative,3,"47,972",100%,,,
Greg Stanton,Male,White,,,Yes,No,Arizona,08-02-2022,Representative,4,"61,319",100%,,,
Javier Garcia Ramos,Male,Latino,,,No,No,Arizona,08-02-2022,Representative,5,"50,647",100%,,,
Avery Anderson,Male,White,,,No,No,Arizona,08-02-2022,Representative,6,"5,639",6%,,,
Kirsten Engel,Female,White,,,No,No,Arizona,08-02-2022,Representative,6,"54,060",59%,,,
Daniel Hernandez,Male,Latino (Mexican),,,No,No,Arizona,08-02-2022,Representative,6,"31,815",35%,,,
Raúl Grijalva,Male,Latino (Mexican),,,Yes,No,Arizona,08-02-2022,Representative,7,"62,547",100%,,,
Katie Hobbs,Female,White,,,No,No,Arizona,08-02-2022,Governor,N/A,"4,31,059",72%,,,
Aaron Lieberman,Male,White,,,No,No,Arizona,08-02-2022,Governor,N/A,"28,878",5%,,,
Marco Lopez,Male,Latino (Mexican),,,No,No,Arizona,08-02-2022,Governor,N/A,"1,36,090",23%,,,
Mike Andra,Male,Unknown,,,No,No,Kansas,08-02-2022,Senator,N/A,"33,464",13%,,,
Paul Buskirk,Male,White,,,No,No,Kansas,08-02-2022,Senator,N/A,"53,750",20%,,,
Mark R. Holland,Male,White,,,No,No,Kansas,08-02-2022,Senator,N/A,"1,01,429",38%,,,
Robert Klingenberg,Male,Latino (Mexican),,,No,No,Kansas,08-02-2022,Senator,N/A,"21,413",8%,,,
Michael Soetaert,Male,White (Belgian),,,No,No,Kansas,08-02-2022,Senator,N/A,"9,464",4%,,,
Patrick Wiesner,Male,White,,,No,No,Kansas,08-02-2022,Senator,N/A,"47,034",18%,,,
"James ""Jimmy"" Beard",Male,White,,,No,No,Kansas,08-02-2022,Representative,1,"42,589",100%,,,
Patrick Schmidt,Male,White,,,No,No,Kansas,08-02-2022,Representative,2,"54,439",100%,,,
Sharice Davids,Female,Native American (Ho-Chunk),,,Yes,No,Kansas,08-02-2022,Representative,3,"1,03,945",100%,,,
Bob Hernandez,Male,Latino,,,No,No,Kansas,08-02-2022,Representative,4,"42,222",100%,,,
Richard S. Karnowski,Male,White,,,No,Yes,Kansas,08-02-2022,Governor,N/A,"17,802",6%,,,
Laura Kelly,Female,White,,,Yes,No,Kansas,08-02-2022,Governor,N/A,"2,70,968",94%,,,
Bob Lorinser,Male,White,,,No,No,Michigan,08-02-2022,Representative,1,"67,251",100%,,,
Jerry Hilliard,Male,White,,,No,No,Michigan,08-02-2022,Representative,2,"40,952",100%,,,
Hillary Scholten,Female,White,,,No,No,Michigan,08-02-2022,Representative,3,"59,661",100%,,,
Bart Goldberg,Male,White,,,No,No,Michigan,08-02-2022,Representative,5,"39,971",100%,,,
Debbie Dingell,Female,White,,,Yes,No,Michigan,08-02-2022,Representative,6,"1,02,859",100%,,,
Elissa Slotkin,Female,White,,,Yes,No,Michigan,08-02-2022,Representative,7,"77,826",100%,,,
Daniel T. Kildee,Male,White,,,Yes,No,Michigan,08-02-2022,Representative,8,"70,791",100%,,,
Brian Jaye,Male,White,,,No,No,Michigan,08-02-2022,Representative,9,"48,802",100%,,,
Huwaida Arraf,Female,Middle Eastern (Palestinian),,,No,No,Michigan,08-02-2022,Representative,10,"8,846",13%,,,
Carl J. Marlinga,Male,White,,,No,No,Michigan,08-02-2022,Representative,10,"32,653",48%,,,
Rhonda Powell,Female,Black,,,No,No,Michigan,08-02-2022,Representative,10,"11,396",17%,,,
Angela Rogensues,Female,White,,,No,No,Michigan,08-02-2022,Representative,10,"9,503",14%,,,
Henry Yanez,Male,Latino,,,No,No,Michigan,08-02-2022,Representative,10,"5,891",9%,,,
Andy Levin,Male,White,,,Yes,Yes,Michigan,08-02-2022,Representative,11,"47,117",40%,,,
Haley Stevens,Female,White,,,Yes,Yes,Michigan,08-02-2022,Representative,11,"70,508",60%,,,
Kelly Garrett,Male,Black,,,No,Yes,Michigan,08-02-2022,Representative,12,"8,334",9%,,,
Shanelle Jackson,Female,Black,,,No,Yes,Michigan,08-02-2022,Representative,12,"4,927",5%,,,
Rashida Tlaib,Female,Middle Eastern (Palestinian),,,Yes,No,Michigan,08-02-2022,Representative,12,"61,635",64%,,,
Janice Winfrey,Female,Black,,,No,Yes,Michigan,08-02-2022,Representative,12,"21,636",22%,,,
John Conyers,Male,Black,,,No,No,Michigan,08-02-2022,Representative,13,"6,778",9%,,,
Sherry Gay-Dagnogo,Female,Black,,,No,No,Michigan,08-02-2022,Representative,13,"6,440",8%,,,
Michael Griffie,Male,Black,,,No,No,Michigan,08-02-2022,Representative,13,"3,636",5%,,,
Adam Hollier,Male,Black,,,No,No,Michigan,08-02-2022,Representative,13,"18,517",23%,,,
Sharon McPhail,Female,Black,,,No,No,Michigan,08-02-2022,Representative,13,"5,043",6%,,,
Sam Riddle,Male,Black,,,No,No,Michigan,08-02-2022,Representative,13,"1,841",2%,,,
Portia Roberson,Female,Black,,,No,No,Michigan,08-02-2022,Representative,13,"13,318",17%,,,
Lorrie Rutledge,Female,Black,,,No,No,Michigan,08-02-2022,Representative,13,916,1%,,,
Shri Thanedar,Male,Asian (Indian),,,No,No,Michigan,08-02-2022,Representative,13,"22,314",28%,,,
Gretchen Whitmer,Female,White,,,Yes,No,Michigan,08-02-2022,Governor,N/A,"9,38,382",100%,,,
Lewis Rolen,Male,Black,,,No,No,Missouri,08-02-2022,Senator,N/A,"5,247",1%,,,
Gena Ross,Female,Black,,,No,No,Missouri,08-02-2022,Senator,N/A,"8,749",2%,,,
Carla Coffee Wright,Female,Black,,,No,No,Missouri,08-02-2022,Senator,N/A,"14,438",4%,,,
Josh Shipp,Male,Black,,,No,No,Missouri,08-02-2022,Senator,N/A,"3,334",1%,,,
Spencer Toder,Male,White,,,No,No,Missouri,08-02-2022,Senator,N/A,"17,465",5%,,,
Lucas Kunce,Male,White,,,No,No,Missouri,08-02-2022,Senator,N/A,"1,41,203",38%,,,
Jewel Kelly,Male,Black,,,No,No,Missouri,08-02-2022,Senator,N/A,"6,464",2%,,,
"Clarence ""Clay"" Taylor",Male,Black,,,No,No,Missouri,08-02-2022,Senator,N/A,"3,322",1%,,,
Pat Kelly,Male,White,,,No,No,Missouri,08-02-2022,Senator,N/A,"5,002",1%,,,
Trudy Busch Valentine,Female,White,,,No,No,Missouri,08-02-2022,Senator,N/A,"1,58,957",43%,,,
"Ronald ""Ron"" William Harris",Male,White,,,No,No,Missouri,08-02-2022,Senator,N/A,"4,074",1%,,,
Ron Harshaw,Male,Black,,,No,Yes,Missouri,08-02-2022,Representative,1,"1,065",1%,,,
Michael Daniels,Male,Black,,,No,Yes,Missouri,08-02-2022,Representative,1,"1,683",2%,,,
Cori Bush,Female,Black,,,Yes,No,Missouri,08-02-2022,Representative,1,"65,326",69%,,,
Earl Childress,Male,Black,,,No,Yes,Missouri,08-02-2022,Representative,1,929,1%,,,
Steve Roberts,Male,Black,,,No,Yes,Missouri,08-02-2022,Representative,1,"25,015",27%,,,
Trish Gunby,Female,White,,,No,No,Missouri,08-02-2022,Representative,2,"50,457",85%,,,
Ray Reed,Male,Black,,,No,No,Missouri,08-02-2022,Representative,2,"8,741",15%,,,
Jon Karlen,Male,White,,,No,No,Missouri,08-02-2022,Representative,3,"7,349",20%,,,
Bethany Mann,Female,White,,,No,No,Missouri,08-02-2022,Representative,3,"22,638",62%,,,
Andrew Daly,Male,White,,,No,No,Missouri,08-02-2022,Representative,3,"5,184",14%,,,
Dylan Durrwachter,Male,Unknown,,,No,No,Missouri,08-02-2022,Representative,3,"1,197",3%,,,
Jack Truman,Male,White,,,No,No,Missouri,08-02-2022,Representative,4,"25,641",100%,,,
Emanuel Cleaver II,Male,Black,,,Yes,No,Missouri,08-02-2022,Representative,5,"60,399",86%,,,
Maite Salazar,Female,Latino,,,No,Yes,Missouri,08-02-2022,Representative,5,"10,147",14%,,,
Henry Martin,Male,Black,,,No,No,Missouri,08-02-2022,Representative,6,"13,488",46%,,,
Charles West,Male,White,,,No,No,Missouri,08-02-2022,Representative,6,"9,761",33%,,,
Michael Howard,Male,Unknown,,,No,No,Missouri,08-02-2022,Representative,6,"5,959",20%,,,
John M. Woodman,Male,White,,,No,No,Missouri,08-02-2022,Representative,7,"5,493",25%,,,
Kristen Radaker-Sheafer,Female,White,,,No,No,Missouri,08-02-2022,Representative,7,"13,680",63%,,,
Bryce F. Lockwood,Male,White,,,No,No,Missouri,08-02-2022,Representative,7,"2,431",11%,,,
Randi McCallian,Female,White,,,No,No,Missouri,08-02-2022,Representative,8,"16,691",100%,,,
Mohammad Hassan Said,Male,Middle Eastern (Palestinian),,,No,Yes,Washington,08-02-2022,Senator,N/A,"13,995",1%,,,
Pano Churchill,Male,White,,,No,Yes,Washington,08-02-2022,Senator,N/A,"11,859",1%,,,
Sam Cusmir,Male,White,,,No,Yes,Washington,08-02-2022,Senator,N/A,"2,688",0%,,,
Bryan Solstin,Male,White,,,No,Yes,Washington,08-02-2022,Senator,N/A,"9,627",1%,,,
Patty Murray,Female,White,,,Yes,No,Washington,08-02-2022,Senator,N/A,"10,02,811",94%,,,
Ravin Pierre,Male,Black,,,No,Yes,Washington,08-02-2022,Senator,N/A,"22,172",2%,,,
Suzan DelBene,Female,White,,,Yes,No,Washington,08-02-2022,Representative,1,"1,02,857",100%,,,
Jason Call,Male,White,,,No,Yes,Washington,08-02-2022,Representative,2,"31,991",24%,,,
Rick Larsen,Male,White,,,Yes,No,Washington,08-02-2022,Representative,2,"1,00,631",76%,,,
Marie Gluesenkamp Perez,Female,White,Latino (Mexican),,No,No,Washington,08-02-2022,Representative,3,"68,190",93%,,,
Davy Ray,Male,White,,,No,No,Washington,08-02-2022,Representative,3,"4,870",7%,,,
Doug White,Male,White,,,No,No,Washington,08-02-2022,Representative,4,"37,760",100%,,,
Natasha Hill,Female,Black,,,No,No,Washington,08-02-2022,Representative,5,"61,851",75%,,,
Ann Marie Danimus,Female,White,,,No,No,Washington,08-02-2022,Representative,5,"21,123",25%,,,
Rebecca Parson,Female,White,,,No,Yes,Washington,08-02-2022,Representative,6,"21,523",16%,,,
Derek Kilmer,Male,White,,,Yes,No,Washington,08-02-2022,Representative,6,"1,15,725",84%,,,
Pramila Jayapal,Female,Asian (Indian),,,Yes,No,Washington,08-02-2022,Representative,7,"1,77,665",100%,,,
Emet Ward,Male,White,,,No,Yes,Washington,08-02-2022,Representative,8,"1,832",2%,,,
Kim Schrier,Female,White,,,Yes,No,Washington,08-02-2022,Representative,8,"97,700",97%,,,
Keith Arnold,Male,Black,,,No,Yes,Washington,08-02-2022,Representative,8,"1,669",2%,,,
Adam Smith,Male,White,,,Yes,No,Washington,08-02-2022,Representative,9,"78,272",78%,,,
Stephanie Gallardo,Female,Latino (Chilean),,,No,Yes,Washington,08-02-2022,Representative,9,"22,531",22%,,,
Marilyn Strickland,Female,Black,,,Yes,No,Washington,08-02-2022,Representative,10,"90,093",96%,,,
Eric Mahaffy,Male,White,,,No,Yes,Washington,08-02-2022,Representative,10,"3,710",4%,,,
Cameron Parsons,Male,White,,,No,No,Tennessee,08-04-2022,Representative,1,"6,099",100%,,,
Mark Harmon,Male,White,,,No,No,Tennessee,08-04-2022,Representative,2,"24,879",100%,,,
Meg Gorman,Female,White,,,No,No,Tennessee,08-04-2022,Representative,3,"22,208",100%,,,
Wayne Steele,Male,White,,,No,No,Tennessee,08-04-2022,Representative,4,"11,168",65%,,,
Arnold J. White,Male,White,,,No,No,Tennessee,08-04-2022,Representative,4,"5,994",35%,,,
Heidi Campbell,Female,White,,,No,No,Tennessee,08-04-2022,Representative,5,"30,830",100%,,,
Randal Cooper,Male,White,,,No,No,Tennessee,08-04-2022,Representative,6,"17,332",75%,,,
Clay Faircloth,Male,White,,,No,No,Tennessee,08-04-2022,Representative,6,"5,870",25%,,,
Odessa Kelly,Female,Black,,,No,No,Tennessee,08-04-2022,Representative,7,"24,854",100%,,,
Tim McDonald,Male,White,,,No,No,Tennessee,08-04-2022,Representative,8,"9,187",37%,,,
Lynnette P. Williams,Female,Black,,,No,No,Tennessee,08-04-2022,Representative,8,"15,819",63%,,,
M. Latroy Alexandria-Williams,Male,Black,,,No,Yes,Tennessee,08-04-2022,Representative,9,"8,449",12%,,,
Steve Cohen,Male,White,,,Yes,No,Tennessee,08-04-2022,Representative,9,"62,055",88%,,,
Carnita Faye Atwater,Female,Black,,,No,No,Tennessee,08-04-2022,Governor,N/A,"56,227",22%,,,
Jason Brantley Martin,Male,White,,,No,No,Tennessee,08-04-2022,Governor,N/A,"1,01,552",39%,,,
JB Smiley Jr.,Male,Black,,,No,No,Tennessee,08-04-2022,Governor,N/A,"1,00,063",39%,,,
Richard Blumenthal,Male,White,,,Yes,No,Connecticut,08-09-2022,Senator,N/A,1,100%,,,
John B. Larson,Male,White,,,Yes,No,Connecticut,08-09-2022,Representative,1,1,100%,,,
Joe Courtney,Male,White,,,Yes,No,Connecticut,08-09-2022,Representative,2,1,100%,,,
Rosa L. DeLauro,Female,White,,,Yes,No,Connecticut,08-09-2022,Representative,3,1,100%,,,
Jim Himes,Male,White,,,Yes,No,Connecticut,08-09-2022,Representative,4,1,100%,,,
Jahana Hayes,Female,Black,,,Yes,No,Connecticut,08-09-2022,Representative,5,1,100%,,,
Edward Lamont,Male,White,,,Yes,No,Connecticut,08-09-2022,Governor,N/A,1,100%,,,
Jeff Ettinger,Male,White,,,No,No,Minnesota,08-09-2022,Representative,1,"51,391",92%,,,
George H. Kalberer,Male,White,,,No,No,Minnesota,08-09-2022,Representative,1,"1,266",2%,,,
James Rainwater,Male,White,,,No,No,Minnesota,08-09-2022,Representative,1,"3,115",6%,,,
Angie Craig,Female,White,,,Yes,No,Minnesota,08-09-2022,Representative,2,1,100%,,,
Dean Phillips,Male,White,,,Yes,No,Minnesota,08-09-2022,Representative,3,1,100%,,,
Amane Badhasso,Female,Black (Ethiopian),,,No,Yes,Minnesota,08-09-2022,Representative,4,"10,557",15%,,,
Betty McCollum,Female,White,,,Yes,No,Minnesota,08-09-2022,Representative,4,"58,043",83%,,,
Fasil Moghul,Male,Asian (Indian),,,No,Yes,Minnesota,08-09-2022,Representative,4,997,1%,,,
AJ Kern,Female,White,,,No,Yes,Minnesota,08-09-2022,Representative,5,519,0%,,,
Ilhan Omar,Female,Black (Somali),,,Yes,No,Minnesota,08-09-2022,Representative,5,"57,683",50%,,,
Albert Ross,Male,Black,,,No,Yes,Minnesota,08-09-2022,Representative,5,477,0%,,,
Don Samuels,Male,Black (Jamaican),,,No,Yes,Minnesota,08-09-2022,Representative,5,"55,217",48%,,,
Nate Schluter,Male,White,,,No,Yes,Minnesota,08-09-2022,Representative,5,671,1%,,,
Jeanne Hendricks,Female,White,,,No,No,Minnesota,08-09-2022,Representative,6,1,100%,,,
Jill Abahsain,Female,White,,,No,No,Minnesota,08-09-2022,Representative,7,"14,352",59%,,,
Alycia R. Gruenhagen,Female,White,,,No,No,Minnesota,08-09-2022,Representative,7,"9,972",41%,,,
John Munter,Male,White,,,No,No,Minnesota,08-09-2022,Representative,8,"6,199",14%,,,
Jen Schultz,Female,White,,,No,No,Minnesota,08-09-2022,Representative,8,"38,545",86%,,,
Ole Savior,Male,White,,,No,Yes,Minnesota,08-09-2022,Governor,N/A,"14,950",3%,,,
Tim Walz,Male,White,,,Yes,No,Minnesota,08-09-2022,Governor,N/A,"4,16,973",97%,,,
Isaac Evans-Frantz,Male,White,,,No,No,Vermont,08-09-2022,Senator,N/A,"7,230",7%,,,
Niki Thran,Female,White,,,No,No,Vermont,08-09-2022,Senator,N/A,"5,104",5%,,,
Peter Welch,Male,White,,,No,No,Vermont,08-09-2022,Senator,N/A,"86,603",85%,,,
Becca Balint,Female,White,,,No,No,Vermont,08-09-2022,Representative,At-Large,"61,025",60%,,,
Sianay Chase Clifford,Female,Black (Liberian),,,No,No,Vermont,08-09-2022,Representative,At-Large,885,1%,,,
Molly Gray,Female,White,,,No,No,Vermont,08-09-2022,Representative,At-Large,"37,266",36%,,,
Louis Meyers,Male,White,,,No,No,Vermont,08-09-2022,Representative,At-Large,"1,593",2%,,,
Brenda Siegel,Female,White,,,No,No,Vermont,08-09-2022,Governor,N/A,"56,287",55%,,,
Mandela Barnes,Male,Black,,,No,No,Wisconsin,08-09-2022,Senator,N/A,"3,90,279",78%,,,
Alex Lasry,Male,White,,,No,No,Wisconsin,08-09-2022,Senator,N/A,"44,609",9%,,,
Kou C. Lee,Male,Asian (Laotian),,,No,No,Wisconsin,08-09-2022,Senator,N/A,"3,434",1%,,,
Sarah Godlewski,Female,White,,,No,No,Wisconsin,08-09-2022,Senator,N/A,"40,555",8%,,,
Peter Peckarsky,Male,White,,,No,No,Wisconsin,08-09-2022,Senator,N/A,"2,446",0%,,,
Steven Olikara,Male,Asian (Indian),,,No,No,Wisconsin,08-09-2022,Senator,N/A,"5,619",1%,,,
Darrell Williams,Male,Black,,,No,No,Wisconsin,08-09-2022,Senator,N/A,"3,646",1%,,,
Tom Nelson,Male,White,,,No,No,Wisconsin,08-09-2022,Senator,N/A,"10,995",2%,,,
Ann Roe,Female,White,,,No,No,Wisconsin,08-09-2022,Representative,1,"48,148",100%,,,
Mark Pocan,Male,White,,,Yes,No,Wisconsin,08-09-2022,Representative,2,"1,06,595",100%,,,
Rebecca Cooke,Female,White,,,No,No,Wisconsin,08-09-2022,Representative,3,"19,221",31%,,,
Mark Neumann,Male,White,,,No,No,Wisconsin,08-09-2022,Representative,3,"6,672",11%,,,
Deb Baldus McGrath,Female,White,,,No,No,Wisconsin,08-09-2022,Representative,3,"11,770",19%,,,
Brad Pfaff,Male,White,,,No,No,Wisconsin,08-09-2022,Representative,3,"24,041",39%,,,
Gwen Moore,Female,Black,,,Yes,No,Wisconsin,08-09-2022,Representative,4,"72,845",100%,,,
Mike Van Someren,Male,White,,,No,No,Wisconsin,08-09-2022,Representative,5,"44,305",100%,,,
"Richard ""Dick"" Ausman",Male,White ,,,No,No,Wisconsin,08-09-2022,Representative,7,"43,265",100%,,,
Tony Evers,Male,White,,,Yes,No,Wisconsin,08-09-2022,Governor,N/A,"4,91,656",100%,,,
Brian Schatz,Male,White,,,Yes,No,Hawaii,8/13/22,Senator,N/A,"2,28,595",94%,,,
Steve Tataii,Male,White,,,No,Yes,Hawaii,8/13/22,Senator,N/A,"15,725",6%,,,
"Sergio ""Serg"" Alcubilla",Male,Asian (Filipino),,,No,Yes,Hawaii,8/13/22,Representative,1,"20,364",17%,,,
Ed Case,Male,White,,,Yes,No,Hawaii,8/13/22,Representative,1,"1,00,667",83%,,,
Patrick Pihana Branco,Male,Latino (Puerto Rican),Pacific Islander (Native Hawaiian),Asian (Filipino),No,No,Hawaii,8/13/22,Representative,2,"27,057",25%,,,
Nicole Gi,Female,Asian,,,No,No,Hawaii,8/13/22,Representative,2,"3,937",4%,,,
Brendan Schultz,Male,White,,,No,No,Hawaii,8/13/22,Representative,2,"6,115",6%,,,
Steven B. Sparks,Male,White,,,No,No,Hawaii,8/13/22,Representative,2,"2,137",2%,,,
Jill N. Tokuda,Female,Asian,,,No,No,Hawaii,8/13/22,Representative,2,"62,275",58%,,,
Kyle T. Yoshida,Male,Asian,,,No,No,Hawaii,8/13/22,Representative,2,"6,624",6%,,,
"David L. ""Duke"" Bourgoin ",Male,White,,,No,No,Hawaii,8/13/22,Governor,N/A,590,0%,,,
Vicky Cayetano,Female,Asian (Filipino),,,No,No,Hawaii,8/13/22,Governor,N/A,"52,447",21%,,,
Josh Green,Male,White,,,No,No,Hawaii,8/13/22,Governor,N/A,"1,58,161",63%,,,
Kai Kahele,Male,Pacific Islander (Native Hawaiian),,,No,No,Hawaii,8/13/22,Governor,N/A,"37,738",15%,,,
Richard Kim,Male,Asian (Korean),,,No,No,Hawaii,8/13/22,Governor,N/A,991,0%,,,
"Clyde McClain ""Mac"" Lewman",Male,White,,,No,No,Hawaii,8/13/22,Governor,N/A,249,0%,,,
Van K. Tanabe,Male,Asian,,,No,No,Hawaii,8/13/22,Governor,N/A,"1,236",0%,,,
Edgar Blatchford,Male,White,Native American (Yupik),,No,No,Alaska,8/16/22,Senator,N/A,"1,981",12%,,,
Patricia R. Chesbro,Female,White,,,No,No,Alaska,8/16/22,Senator,N/A,"12,989",77%,,,
Ivan R. Taylor,Male,White,,,No,No,Alaska,8/16/22,Senator,N/A,"1,897",11%,,,
Mary S. Peltola,Female,Native American (Yupik),,,No,No,Alaska,8/16/22,Representative,At-Large,"70,295",100%,,,
Les Gara,Male,Middle Eastern (Iraqi),,,No,No,Alaska,8/16/22,Governor,N/A,"43,660",100%,,,
Lynnette GreyBull,Female,Native American (Arapaho),,,No,No,Wyoming,8/16/22,Representative,At-Large,"4,507",59%,,,
Meghan R. Jensen,Female,White,,,No,No,Wyoming,8/16/22,Representative,At-Large,"1,833",24%,,,
Steve Helling,Male,White,,,No,No,Wyoming,8/16/22,Representative,At-Large,897,12%,,,
Rex Wilde,Male,White,,,No,No,Wyoming,8/16/22,Governor,N/A,"2,016",28%,,,
Theresa A. Livingston,Female,White,,,No,No,Wyoming,8/16/22,Governor,N/A,"4,993",69%,,,
Ricardo De La Fuente,Male,Latino,,,No,No,Florida,8/23/22,Senator,N/A,"56,749",4%,,,
Val Demings,Female,Black,,,No,No,Florida,8/23/22,Senator,N/A,"12,63,706",84%,,,
Brian Rush,Male,White,,,No,No,Florida,8/23/22,Senator,N/A,"94,185",6%,,,
William Sanchez,Male,Latino,,,No,No,Florida,8/23/22,Senator,N/A,"84,576",6%,,,
Rebekah Jones,Female,White,,,No,No,Florida,8/23/22,Representative,1,"21,875",63%,,,
Peggy Schiller,Female,White,,,No,No,Florida,8/23/22,Representative,1,"13,091",37%,,,
Al Lawson,Male,Black,,,Yes,No,Florida,8/23/22,Representative,2,1,100%,,,
Danielle Hawk,Female,White,,,No,No,Florida,8/23/22,Representative,3,"37,181",68%,,,
Tom Wells,Male,White,,,No,No,Florida,8/23/22,Representative,3,"17,799",32%,,,
"Anthony ""Tony"" Hill",Male,Black,,,No,No,Florida,8/23/22,Representative,4,"29,145",50%,,,
"LaShonda ""L.J."" Holloway",Female,Black,,,No,No,Florida,8/23/22,Representative,4,"29,352",50%,,,
"Hilsia ""Tatiana"" Fernandez",Female,Latino (Puerto Rican),,,No,No,Florida,8/23/22,Representative,7,"10,261",20%,,,
Karen Green,Female,Black,,,No,No,Florida,8/23/22,Representative,7,"23,051",45%,,,
Al Krulick,Male,White,,,No,No,Florida,8/23/22,Representative,7,"10,787",21%,,,
Allek Pastrana,Male,Latino (Puerto Rican),,,No,No,Florida,8/23/22,Representative,7,"7,289",14%,,,
Danelle Dodge,Female,White,,,No,No,Florida,8/23/22,Representative,8,"24,592",45%,,,
Joanne Terry,Female,White,,,No,No,Florida,8/23/22,Representative,8,"29,542",55%,,,
Darren Soto,Male,Latino (Puerto Rican),,,Yes,No,Florida,8/23/22,Representative,9,1,100%,,,
Jack Achenbach,Male,White,,,No,No,Florida,8/23/22,Representative,10,714,1%,,,
Jeffrey Boone,Male,Black,,,No,No,Florida,8/23/22,Representative,10,"1,181",2%,,,
Randolph Bracy,Male,Black,,,No,No,Florida,8/23/22,Representative,10,"13,677",25%,,,
Corrine Brown,Female,Black,,,No,No,Florida,8/23/22,Representative,10,"5,274",10%,,,
Maxwell Alejandro Frost,Male,Black,Latino (Cuban),,No,No,Florida,8/23/22,Representative,10,"19,288",35%,,,
Terence R. Gray,Male,Black,,,No,No,Florida,8/23/22,Representative,10,"1,032",2%,,,
Alan Grayson,Male,White,,,No,No,Florida,8/23/22,Representative,10,"8,526",15%,,,
Natalie Jackson,Female,Black,,,No,No,Florida,8/23/22,Representative,10,"3,872",7%,,,
Khalid Muneer,Male,Asian (Pakistani),,,No,No,Florida,8/23/22,Representative,10,604,1%,,,
Teresa Tachon,Female,White,,,No,No,Florida,8/23/22,Representative,10,"1,301",2%,,,
Shante Munns,Female,Black,,,No,No,Florida,8/23/22,Representative,11,1,100%,,,
Kimberly Walker,Female,Black,,,No,No,Florida,8/23/22,Representative,12,1,100%,,,
Eric Lynn,Male,White,,,No,No,Florida,8/23/22,Representative,13,1,100%,,,
Christopher Bradley,Male,White,,,No,Yes,Florida,8/23/22,Representative,14,"6,684",10%,,,
Kathy Castor,Female,White,,,Yes,No,Florida,8/23/22,Representative,14,"62,562",90%,,,
Gavin Brown,Male,White,,,No,No,Florida,8/23/22,Representative,15,"10,034",22%,,,
Alan M. Cohn,Male,White,,,No,No,Florida,8/23/22,Representative,15,"14,928",33%,,,
Eddie Geller,Male,White,,,No,No,Florida,8/23/22,Representative,15,"9,859",22%,,,
Cesar Ramirez,Male,Black,Latino,,No,No,Florida,8/23/22,Representative,15,"7,817",17%,,,
William VanHorn,Male,White,,,No,No,Florida,8/23/22,Representative,15,"2,435",5%,,,
Jan Schneider,Female,White,,,No,No,Florida,8/23/22,Representative,16,1,100%,,,
Andrea Doria Kale,Female,White,,,No,No,Florida,8/23/22,Representative,17,1,100%,,,
Cindy Banyai,Female,White,,,No,No,Florida,8/23/22,Representative,19,1,100%,,,
Sheila Cherfilus-McCormick,Female,Black (Haitian),,,Yes,No,Florida,8/23/22,Representative,20,"47,601",66%,,,
Dale V.C. Holness,Male,Black,,,No,Yes,Florida,8/23/22,Representative,20,"20,783",29%,,,
Anika Omphroy,Female,Black,,,No,Yes,Florida,8/23/22,Representative,20,"4,197",6%,,,
Corinna Balderramos Robinson,Female,White,Latino,,No,No,Florida,8/23/22,Representative,21,1,100%,,,
Lois Frankel,Female,White,,,Yes,No,Florida,8/23/22,Representative,22,1,100%,,,
Allen Ellison,Male,Black,,,No,No,Florida,8/23/22,Representative,23,"3,960",6%,,,
Michaelangelo Collins Hamilton,Male,Black,Unknown,,No,No,Florida,8/23/22,Representative,23,"1,064",2%,,,
Hava Holzhauer,Female,White,,,No,No,Florida,8/23/22,Representative,23,"5,276",8%,,,
Jared Moskowitz,Male,White,,,No,No,Florida,8/23/22,Representative,23,"38,822",61%,,,
Ben Sorensen,Male,White,,,No,No,Florida,8/23/22,Representative,23,"13,012",20%,,,
"W. Michael ""Mike"" Trout",Male,White,,,No,No,Florida,8/23/22,Representative,23,"1,390",2%,,,
Kevin C. Harris,Male,Black,,,No,Yes,Florida,8/23/22,Representative,24,"6,816",11%,,,
Frederica Wilson,Female,Black,,,Yes,No,Florida,8/23/22,Representative,24,"56,776",89%,,,
Robert Millwee,Male,White,,,No,Yes,Florida,8/23/22,Representative,25,"6,241",11%,,,
Debbie Wasserman Schultz,Female,White,,,Yes,No,Florida,8/23/22,Representative,25,"50,554",89%,,,
Christine Alexandria Olivo,Female,Black (Haitian),,,No,No,Florida,8/23/22,Representative,26,1,100%,,,
Angel Montalvo,Male,Latino,,,No,No,Florida,8/23/22,Representative,27,"2,493",6%,,,
Ken Russell,Male,White,Asian (Japanese),,No,No,Florida,8/23/22,Representative,27,"10,337",26%,,,
Annette Taddeo,Female,Latino (Colombian),,,No,No,Florida,8/23/22,Representative,27,"27,015",68%,,,
Robert Asencio,Male,Latino (Puerto Rican),,,No,No,Florida,8/23/22,Representative,28,"18,504",69%,,,
Juan Paredes,Male,Latino,,,No,No,Florida,8/23/22,Representative,28,"8,217",31%,,,
Charlie Crist,Male,White,,,No,No,Florida,8/23/22,Governor,N/A,"9,04,524",60%,,,
Cadance Daniel,Female,White,,,No,No,Florida,8/23/22,Governor,N/A,"38,198",3%,,,
"Nicole ""Nikki"" Fried",Female,White,,,No,No,Florida,8/23/22,Governor,N/A,"5,35,480",35%,,,
Robert L. Willis,Male,Black,,,No,No,Florida,8/23/22,Governor,N/A,"36,786",2%,,,
Bridget Fleming,Female,White ,,,No,No,New York,8/23/22,Representative,1,1,100%,,,
Jackie Gordon,Female,Black (Jamaican),,,No,No,New York,8/23/22,Representative,2,1,100%,,,
Jon Kaiman,Male,White,,,No,No,New York,8/23/22,Representative,3,"7,242",26%,,,
Robert P. Zimmerman,Male,White,,,No,No,New York,8/23/22,Representative,3,"10,074",36%,,,
Joshua Alexander Lafazan,Male,White,,,No,No,New York,8/23/22,Representative,3,"5,554",20%,,,
Reema Rasool,Female,Asian ,,,No,No,New York,8/23/22,Representative,3,738,3%,,,
Melanie D'Arrigo,Female,White,,,No,No,New York,8/23/22,Representative,3,"4,519",16%,,,
Keith M. Corbett,Male,White,,,No,No,New York,8/23/22,Representative,4,"1,260",10%,,,
Laura A. Gillen,Female,White,,,No,No,New York,8/23/22,Representative,4,"8,002",60%,,,
Muzibul Huq,Male,Middle Eastern,,,No,No,New York,8/23/22,Representative,4,198,1%,,,
Carrie Solages,Male,Black (Haitian),,,No,No,New York,8/23/22,Representative,4,"3,738",28%,,,
Gregory Meeks,Male,Black,,,Yes,No,New York,8/23/22,Representative,5,1,100%,,,
Grace Meng,Female,Asian (Taiwanese),,,Yes,No,New York,8/23/22,Representative,6,1,100%,,,
Paperboy Love Prince,Nonbinary,Black,,,No,Yes,New York,8/23/22,Representative,7,"4,303",16%,,,
Nydia M. Velazquez,Female,Latino (Puerto Rican),,,Yes,No,New York,8/23/22,Representative,7,"22,797",83%,,,
Hakeem S. Jeffries,Male,Black,,,Yes,No,New York,8/23/22,Representative,8,"23,145",87%,,,
Queen Johnson,Female,Black,,,No,Yes,New York,8/23/22,Representative,8,"3,402",13%,,,
Yvette Clarke,Female,Black,,,Yes,No,New York,8/23/22,Representative,9,1,100%,,,
Mondaire L. Jones,Male,Black,,,Yes,No,New York,8/23/22,Representative,10,"12,933",18%,,,
Jo Anne Simon,Female,White,,,No,Yes,New York,8/23/22,Representative,10,"4,389",6%,,,
Peter J. Gleason,Male,Unknown,,,No,Yes,New York,8/23/22,Representative,10,162,0%,,,
Yan Xiong,Male,Asian,,,No,Yes,New York,8/23/22,Representative,10,742,1%,,,
Daniel Goldman,Male,White,,,No,Yes,New York,8/23/22,Representative,10,"18,505",26%,,,
Jimmy Li,Male,Asian,,,No,Yes,New York,8/23/22,Representative,10,"1,170",2%,,,
Maud Maron,Female,White,,,No,Yes,New York,8/23/22,Representative,10,625,1%,,,
Bill De Blasio,Male,White,,,No,Yes,New York,8/23/22,Representative,10,519,1%,,,
Elizabeth Holtzman,Female,White,,,No,Yes,New York,8/23/22,Representative,10,"3,140",4%,,,
Yuh-Line Niou,Female,Asian,,,No,Yes,New York,8/23/22,Representative,10,"16,826",24%,,,
Carlina Rivera,Female,Latino ,,,No,Yes,New York,8/23/22,Representative,10,"11,810",17%,,,
Quanda Francis,Female,Black,,,No,Yes,New York,8/23/22,Representative,10,129,0%,,,
Brian Robinson,Male,White,,,No,Yes,New York,8/23/22,Representative,10,341,0%,,,
Max N. Rose,Male,White,,,No,No,New York,8/23/22,Representative,11,"16,439",74%,,,
Brittany Ramos Debarros,Female,Black,Latino,,No,No,New York,8/23/22,Representative,11,"4,625",21%,,,
Komi Agoda-Koussema,Male,Black,,,No,No,New York,8/23/22,Representative,11,932,4%,,,
Carolyn B. Maloney,Female,White,,,Yes,Yes,New York,8/23/22,Representative,12,"21,916",24%,,,
Ashmi Sheth,Female,Asian (Indian),,,No,Yes,New York,8/23/22,Representative,12,937,1%,,,
Jerrold L. Nadler,Male,White,,,Yes,Yes,New York,8/23/22,Representative,12,"49,744",55%,,,
Suraj Patel,Male,Asian (Indian),,,No,Yes,New York,8/23/22,Representative,12,"17,011",19%,,,
Francisco A. Spies,Male,Latino,,,No,Yes,New York,8/23/22,Representative,13,"2,411",6%,,,
Adriano Espaillat,Male,Latino (Dominican),,,Yes,No,New York,8/23/22,Representative,13,"31,582",80%,,,
Michael Hano,Male,White,,,No,Yes,New York,8/23/22,Representative,13,"5,041",13%,,,
Alexandria Ocasio-Cortez,Female,Latino (Puerto Rican),,,Yes,No,New York,8/23/22,Representative,14,1,100%,,,
Ritchie J. Torres,Male,Black,Latino,,Yes,No,New York,8/23/22,Representative,15,1,100%,,,
Vedat Gashi,Male,White (Kosovar),,,No,Yes,New York,8/23/22,Representative,16,"10,009",25%,,,
Jamaal Bowman,Male,Black,,,Yes,No,New York,8/23/22,Representative,16,"21,643",54%,,,
Catherine F. Parker,Female,White,,,No,Yes,New York,8/23/22,Representative,16,"7,503",19%,,,
Mark Jaffe,Male,White,,,No,Yes,New York,8/23/22,Representative,16,608,2%,,,
Alessandra Biaggi,Female,White,,,No,Yes,New York,8/23/22,Representative,17,"12,266",33%,,,
Sean Patrick Maloney,Male,White,,,Yes,No,New York,8/23/22,Representative,17,"24,535",66%,,,
Pat Ryan,Male,White,,,No,No,New York,8/23/22,Representative,18,"30,093",84%,,,
Moses R. Mugulusi,Male,Black,,,No,No,New York,8/23/22,Representative,18,993,3%,,,
Aisha Mills,Female,Black,,,No,No,New York,8/23/22,Representative,18,"4,730",13%,,,
Jamie Cheney,Female,White,,,No,No,New York,8/23/22,Representative,19,"18,625",37%,,,
Josh Riley,Male,White,,,No,No,New York,8/23/22,Representative,19,"31,193",62%,,,
Rostislav Rar,Male,White (Russian),,,No,Yes,New York,8/23/22,Representative,20,"2,422",12%,,,
Paul D. Tonko,Male,White,,,Yes,No,New York,8/23/22,Representative,20,"18,251",88%,,,
Matt Castelli,Male,White,,,No,No,New York,8/23/22,Representative,21,"19,319",81%,,,
Matt Putorti,Male,White,,,No,No,New York,8/23/22,Representative,21,"4,528",19%,,,
Chol Majok,Male,Black (Sudanese),,,No,No,New York,8/23/22,Representative,22,"3,315",12%,,,
Sam Roberts,Male,Black,,,No,No,New York,8/23/22,Representative,22,"3,662",13%,,,
Sarah Klee Hood,Female,White,,,No,No,New York,8/23/22,Representative,22,"9,790",35%,,,
Francis Conole,Male,White,,,No,No,New York,8/23/22,Representative,22,"10,971",39%,,,
Max H. Della Pia,Male,White,,,No,No,New York,8/23/22,Representative,23,1,100%,,,
Steven Holden,Male,White,,,No,No,New York,8/23/22,Representative,24,1,100%,,,
Joseph D. Morelle,Male,White,,,Yes,No,New York,8/23/22,Representative,25,1,100%,,,
Emin Eddie Egriu,Male,White (Albanian),,,No,Yes,New York,8/23/22,Representative,26,"2,731",9%,,,
Brian Higgins,Male,White,,,Yes,No,New York,8/23/22,Representative,26,"28,485",91%,,,
Richard E. Neal,Male,White,,,Yes,No,Massachusetts,09-06-2022,Representative,1,"71,928",99%,,,
James P. McGovern,Male,White,,,Yes,No,Massachusetts,09-06-2022,Representative,2,"69,839",100%,,,
Lori Loureiro Trahan,Female,White,,,Yes,No,Massachusetts,09-06-2022,Representative,3,"64,190",100%,,,
Jake Auchincloss,Male,White,,,Yes,No,Massachusetts,09-06-2022,Representative,4,"67,738",99%,,,
Katherine M. Clark,Female,White,,,Yes,No,Massachusetts,09-06-2022,Representative,5,"84,845",100%,,,
Seth Moulton,Male,White,,,Yes,No,Massachusetts,09-06-2022,Representative,6,"84,860",99%,,,
Ayanna S. Pressley,Female,Black,,,Yes,No,Massachusetts,09-06-2022,Representative,7,"69,227",99%,,,
Stephen F. Lynch,Male,White,,,Yes,No,Massachusetts,09-06-2022,Representative,8,"73,191",99%,,,
Bill Keating,Male,White,,,Yes,No,Massachusetts,09-06-2022,Representative,9,"81,530",100%,,,
Sonia Rosa Chang-Díaz,Female,Asian,Latino,,No,No,Massachusetts,09-06-2022,Governor,N/A,"1,08,574",14%,,,
Maura Healey,Female,White,,,No,No,Massachusetts,09-06-2022,Governor,N/A,"6,42,092",85%,,,
Lisa Blunt Rochester,Female,Black,,,Yes,No,Delaware,9/13/22,Representative,At-Large,1,100%,,,
Maggie Hassan,Female,White,,,Yes,No,New Hampshire,9/13/22,Senator,N/A,"88,146",94%,,,
Paul J. Krautmann,Male,White,,,No,Yes,New Hampshire,9/13/22,Senator,N/A,"3,629",4%,,,
John Riggieri,Male,White,,,No,Yes,New Hampshire,9/13/22,Senator,N/A,"1,680",2%,,,
Chris Pappas,Male,White,,,Yes,No,New Hampshire,9/13/22,Representative,1,"41,990",99%,,,
Ann McLane Kuster,Female,White,,,Yes,No,New Hampshire,9/13/22,Representative,2,"48,630",99%,,,
Tom Sherman,Male,White,,,No,No,New Hampshire,9/13/22,Governor,N/A,"82,607",97%,,,
David N. Cicilline,Male,White,,,Yes,No,Rhode Island,9/13/22,Representative,1,"46,610",100%,,,
Omar Bah,Male,Black (Gambian),,,No,No,Rhode Island,9/13/22,Representative,2,"2,600",5%,,,
Spencer E. Dickinson,Male,White,,,No,No,Rhode Island,9/13/22,Representative,2,"1,318",2%,,,
Joy Fox,Female,White,,,No,No,Rhode Island,9/13/22,Representative,2,"6,112",11%,,,
Seth M. Magaziner,Male,White,,,No,No,Rhode Island,9/13/22,Representative,2,"30,309",54%,,,
Sarah E. Morgenthau,Female,White,,,No,No,Rhode Island,9/13/22,Representative,2,"6,696",12%,,,
David A. Segal,Male,White,,,No,No,Rhode Island,9/13/22,Representative,2,"9,067",16%,,,
Matthew A. Brown,Male,White,,,No,Yes,Rhode Island,9/13/22,Governor,N/A,"9,021",8%,,,
Helena Buonanno Foulkes,Female,White,,,No,Yes,Rhode Island,9/13/22,Governor,N/A,"33,931",30%,,,
Nellie M. Gorbea,Female,Latino (Puerto Rican),,,No,Yes,Rhode Island,9/13/22,Governor,N/A,"29,811",26%,,,
Daniel J. McKee,Male,White,,,Yes,No,Rhode Island,9/13/22,Governor,N/A,"37,288",33%,,,
Luis Daniel Muñoz,Male,Latino,,,No,Yes,Rhode Island,9/13/22,Governor,N/A,"3,547",3%,,,
